W_in,b_in,alpha,lamda_,num_iters,cost,b,W
"[1.0, 1.0, 1.0, 1.0, 1.0, 1.0, 1.0, 1.0, 1.0, 1.0, 1.0, 1.0, 1.0, 1.0, 1.0, 1.0, 1.0, 1.0, 1.0, 1.0, 1.0, 1.0, 1.0, 1.0, 1.0, 1.0, 1.0, 1.0, 1.0, 1.0]",2.191157075837102,0.0001,1,10000,1.303236341131928e-08,1.726983251768189,"[-0.1964769277155467, 0.17907723282153012, 0.10866791238102581, -0.15146596923298833, 0.143071461123171, -0.09085972046760608, -0.001511026368299925, -0.08478046893410103, -0.1402363014288563, 0.13487982661497058, 0.07839761190709241, -0.0004172093506981932, 0.07995672414972019, 0.12178212372210213, -0.02127705726300341, -0.08546017540653311, -0.0022161344524298195, 0.13427018284996242, -0.09991577522399006, -0.005430580006020807, -0.016875102885210127, -0.03564668791278399, -0.02192104389583072, 0.2622067381270672, -0.13253889228190338, 0.1255095105919631, -0.03891710655993607, 0.013120708136304716, 0.2093981585741871, -0.004761719767967901]"
"[1.0, 1.0, 1.0, 1.0, 1.0, 1.0, 1.0, 1.0, 1.0, 1.0, 1.0, 1.0, 1.0, 1.0, 1.0, 1.0, 1.0, 1.0, 1.0, 1.0, 1.0, 1.0, 1.0, 1.0, 1.0, 1.0, 1.0, 1.0, 1.0, 1.0]",2.049884670204295,0.0001,1,10000,1.3618716068568584e-08,1.5891026284731335,"[-0.19393565992448633, 0.17994203663424033, 0.11226863351244361, -0.14494876198855375, 0.14537066296203954, -0.08888711957861961, -5.567136153035074e-05, -0.08207309894393938, -0.14006479142061037, 0.13767144782125193, 0.07994582972695204, 0.0025133521614015344, 0.08263518459969864, 0.1221617847979149, -0.016482866003623337, -0.08253123983531645, 0.0004356591650224866, 0.13662776639699864, -0.09733396222869856, -0.005717515110513216, -0.015882571337328025, -0.03401784226815167, -0.02041690098384069, 0.26277148064491257, -0.12914850706001713, 0.12833520076220054, -0.03670956317978491, 0.012575391562394107, 0.21021815354702672, -0.004925012703075881]"
"[1.0, 1.0, 1.0, 1.0, 1.0, 1.0, 1.0, 1.0, 1.0, 1.0, 1.0, 1.0, 1.0, 1.0, 1.0, 1.0, 1.0, 1.0, 1.0, 1.0, 1.0, 1.0, 1.0, 1.0, 1.0, 1.0, 1.0, 1.0, 1.0, 1.0]",2.2680153900034985,0.0001,1,10000,1.2721153091739362e-08,1.8019962892768335,"[-0.1978594875820066, 0.17860674204994725, 0.1067089639600334, -0.15501161255686657, 0.14182059563056368, -0.09193290088222089, -0.002302802595461509, -0.08625339559898297, -0.14032961030993185, 0.1333610636354284, 0.07755531428312422, -0.0020115618809881507, 0.07849952552820198, 0.12157557163494215, -0.02388530518188555, -0.08705364335448304, -0.003658825160793749, 0.13298755517670996, -0.10132039343957314, -0.0052744748678118574, -0.017415083082937575, -0.03653285056941158, -0.0227393628588523, 0.2618994937104009, -0.134383408848048, 0.12397221261881525, -0.040118105876735644, 0.013417383997170587, 0.20895204575438223, -0.004672881330967511]"
"[1.0, 1.0, 1.0, 1.0, 1.0, 1.0, 1.0, 1.0, 1.0, 1.0, 1.0, 1.0, 1.0, 1.0, 1.0, 1.0, 1.0, 1.0, 1.0, 1.0, 1.0, 1.0, 1.0, 1.0, 1.0, 1.0, 1.0, 1.0, 1.0, 1.0]",2.543510428184313,0.0001,1,10000,1.1650744450307134e-08,2.0708770194443114,"[-0.20281520886380794, 0.17692028984907932, 0.09968720481935163, -0.16772080548520588, 0.1373369266822847, -0.09577966596555487, -0.005140887509218484, -0.09153303244998867, -0.14066407163702785, 0.12791712865487784, 0.07453613778164354, -0.007726444076495376, 0.07327626511419899, 0.12083519532359803, -0.0332344480532969, -0.0927653548058947, -0.008830082637547218, 0.12839003617506425, -0.1063551818437733, -0.004714923289332119, -0.019350616886969627, -0.03970925923215463, -0.02567258896986816, 0.2607981904458438, -0.14099499234850324, 0.1184618398191902, -0.044423031846363016, 0.014480804766974165, 0.20735297518332213, -0.004354444101909873]"
"[1.0, 1.0, 1.0, 1.0, 1.0, 1.0, 1.0, 1.0, 1.0, 1.0, 1.0, 1.0, 1.0, 1.0, 1.0, 1.0, 1.0, 1.0, 1.0, 1.0, 1.0, 1.0, 1.0, 1.0, 1.0, 1.0, 1.0, 1.0, 1.0, 1.0]",1.8201930799942183,0.0001,1,10000,1.4611650267458336e-08,1.3649256599990858,"[-0.1898038704397417, 0.18134810147805214, 0.11812296407950422, -0.13435258300372185, 0.14910888292239374, -0.08567991267213577, 0.002310557232990799, -0.07767124767268903, -0.13978593720025181, 0.14221028122798143, 0.08246304185654016, 0.007278085450309335, 0.08699003250729065, 0.12277906710335547, -0.008688099508314666, -0.07776915012669877, 0.004747150076309485, 0.14046090784840912, -0.09313625121884356, -0.006184036368806534, -0.014268836874852378, -0.03136953919263917, -0.017971349244201254, 0.26368968265614007, -0.12363615686288067, 0.13292942612231623, -0.033120368622126785, 0.011688773751447633, 0.2115513647175447, -0.00519050697116618]"
"[1.0, 1.0, 1.0, 1.0, 1.0, 1.0, 1.0, 1.0, 1.0, 1.0, 1.0, 1.0, 1.0, 1.0, 1.0, 1.0, 1.0, 1.0, 1.0, 1.0, 1.0, 1.0, 1.0, 1.0, 1.0, 1.0, 1.0, 1.0, 1.0, 1.0]",2.2796790290057887,0.0001,1,10000,1.2674405155607549e-08,1.8133798981870157,"[-0.19806929805412396, 0.17853534268901708, 0.10641168360130682, -0.15554968191486906, 0.14163077044763514, -0.09209576145334006, -0.0024229586538445677, -0.08647691969110465, -0.14034377040589996, 0.1331305836500737, 0.07742749134652938, -0.0022535129640613074, 0.07827838824643353, 0.12154422630807628, -0.024281120032682582, -0.08729546019769867, -0.003877760793155648, 0.13279290992177006, -0.10153355137805073, -0.005250785121319232, -0.017497027816737867, -0.03666733024719676, -0.022863546912027407, 0.2618528678118227, -0.1346633235924009, 0.12373891985417171, -0.04030036361456205, 0.013462406063805318, 0.20888434587128046, -0.004659399647562224]"
"[1.0, 1.0, 1.0, 1.0, 1.0, 1.0, 1.0, 1.0, 1.0, 1.0, 1.0, 1.0, 1.0, 1.0, 1.0, 1.0, 1.0, 1.0, 1.0, 1.0, 1.0, 1.0, 1.0, 1.0, 1.0, 1.0, 1.0, 1.0, 1.0, 1.0]",2.2195942365515045,0.0001,1,10000,1.2916577387422752e-08,1.7547376700955326,"[-0.19698846739145845, 0.17890315377970845, 0.10794311205612708, -0.15277783809363973, 0.14260864765359207, -0.09125679141896598, -0.001803979291686973, -0.08532544383686945, -0.14027082521038836, 0.13431789252358706, 0.0780859663400261, -0.0010071111671899812, 0.07941756853796418, 0.12170570056655734, -0.02224209489174556, -0.08604974993234145, -0.0027499222147544114, 0.1337956175452637, -0.10043547636982077, -0.0053728219488511164, -0.0170748926390171, -0.035974563304781985, -0.022223817487985905, 0.26209305935399163, -0.1332213534391743, 0.12494071865315438, -0.039361469814063146, 0.01323047660087504, 0.20923309924272543, -0.00472885002657472]"
"[1.0, 1.0, 1.0, 1.0, 1.0, 1.0, 1.0, 1.0, 1.0, 1.0, 1.0, 1.0, 1.0, 1.0, 1.0, 1.0, 1.0, 1.0, 1.0, 1.0, 1.0, 1.0, 1.0, 1.0, 1.0, 1.0, 1.0, 1.0, 1.0, 1.0]",2.2035184187547343,0.0001,1,10000,1.2981940064232575e-08,1.7390478135530048,"[-0.1966992887808237, 0.1790015624424668, 0.10835284909278593, -0.15203622520939528, 0.14287028084143252, -0.09103232314906534, -0.001638370007880695, -0.08501736395053007, -0.1402513085635911, 0.13463555961270293, 0.07826214276648628, -0.0006736336370259487, 0.07972235871957697, 0.12174890335801583, -0.02169654925016448, -0.08571645742294855, -0.002448166533326069, 0.1340638941656908, -0.10014168399676918, -0.005405473169297922, -0.0169619494478128, -0.03578921199229538, -0.022052656479683217, 0.2621573231270776, -0.13283555116700443, 0.1252622625535596, -0.039110266721719744, 0.013168423365181528, 0.2093264089709668, -0.0047474316275640015]"
"[1.0, 1.0, 1.0, 1.0, 1.0, 1.0, 1.0, 1.0, 1.0, 1.0, 1.0, 1.0, 1.0, 1.0, 1.0, 1.0, 1.0, 1.0, 1.0, 1.0, 1.0, 1.0, 1.0, 1.0, 1.0, 1.0, 1.0, 1.0, 1.0, 1.0]",1.2187738945260649,0.0001,1,10000,1.744381017097383e-08,0.7779458334539721,"[-0.17898528772990777, 0.18502970937805183, 0.13345180880508975, -0.10660779126666325, 0.15889695222697953, -0.07728223575431163, 0.008506235849899247, -0.06614554138241599, -0.13905579171290972, 0.15409465839631328, 0.08905405229467947, 0.019753953682867274, 0.09839266626948359, 0.12439534491745731, 0.011721538094157546, -0.06530020378406833, 0.01603625887497374, 0.15049751740552847, -0.08214506110139651, -0.0074055649189372725, -0.01004347161399696, -0.02443528323189276, -0.01156797272558896, 0.2660938817179479, -0.10920274568511436, 0.14495884030944856, -0.023722504009935023, 0.009367274034398515, 0.21504221423230988, -0.005885671066271384]"
"[1.0, 1.0, 1.0, 1.0, 1.0, 1.0, 1.0, 1.0, 1.0, 1.0, 1.0, 1.0, 1.0, 1.0, 1.0, 1.0, 1.0, 1.0, 1.0, 1.0, 1.0, 1.0, 1.0, 1.0, 1.0, 1.0, 1.0, 1.0, 1.0, 1.0]",2.220077652351937,0.0001,1,10000,1.2914615586847784e-08,1.7552094796578783,"[-0.19699716327936126, 0.17890019453352354, 0.10793079085666758, -0.15280013912930704, 0.14260078008389698, -0.09126354140268263, -0.0018089593272595892, -0.08533470810489859, -0.14027141209533261, 0.13430833995885355, 0.07808066853998336, -0.0010171391675823632, 0.07940840319462276, 0.121704401415727, -0.022258499990778582, -0.08605977236897487, -0.0027589963076633146, 0.1337875502009562, -0.1004443109981414, -0.0053718400942376985, -0.017078288952901474, -0.03598013700275596, -0.022228964469424444, 0.26209112687853564, -0.1332329548965028, 0.12493104950885592, -0.03936902374043201, 0.013232342603275694, 0.2092302933265647, -0.0047282912593855034]"
"[1.0, 1.0, 1.0, 1.0, 1.0, 1.0, 1.0, 1.0, 1.0, 1.0, 1.0, 1.0, 1.0, 1.0, 1.0, 1.0, 1.0, 1.0, 1.0, 1.0, 1.0, 1.0, 1.0, 1.0, 1.0, 1.0, 1.0, 1.0, 1.0, 1.0]",1.853117791697053,0.0001,1,10000,1.4466309345247087e-08,1.3970598885560404,"[-0.19039613408107783, 0.18114655174096467, 0.1172837860061701, -0.13587147247593978, 0.14857303476894598, -0.08613964375184423, 0.0019713746176135095, -0.07830222281606335, -0.1398259090372878, 0.14155967063641883, 0.08210221678851744, 0.006595093662344759, 0.08636579497323027, 0.12269058392498783, -0.009805425743089858, -0.07845176297558802, 0.004129127469849413, 0.1399114533512365, -0.09373796425798746, -0.006117163750969502, -0.014500154625290217, -0.03174915524729386, -0.018321902287559987, 0.26355806470496795, -0.12442631439925188, 0.1322708754747226, -0.03363485500775455, 0.011815864324460216, 0.21136025805409223, -0.005152450191518073]"
"[1.0, 1.0, 1.0, 1.0, 1.0, 1.0, 1.0, 1.0, 1.0, 1.0, 1.0, 1.0, 1.0, 1.0, 1.0, 1.0, 1.0, 1.0, 1.0, 1.0, 1.0, 1.0, 1.0, 1.0, 1.0, 1.0, 1.0, 1.0, 1.0, 1.0]",1.3259889492114916,0.0001,0.9,10000,1.6914297537612563e-08,0.8825867822678798,"[-0.1809139174857913, 0.1843733887919005, 0.1307191342160032, -0.11155385789572861, 0.15715203219264548, -0.07877929040725559, 0.007401731640895475, -0.06820023012540585, -0.1391859548175225, 0.15197602936220192, 0.08787907224477087, 0.01752987948117571, 0.09635991767763422, 0.12410721091971796, 0.008083110081663283, -0.06752304401979224, 0.014023748389036111, 0.14870829007703096, -0.08410446159604897, -0.007187802909565788, -0.010796727875943891, -0.025671453693358114, -0.01270950325903917, 0.2656652849253691, -0.111775791251522, 0.14281435551237068, -0.025397862217102565, 0.009781128007017898, 0.21441990016141327, -0.005761744097739931]"
"[1.0, 1.0, 1.0, 1.0, 1.0, 1.0, 1.0, 1.0, 1.0, 1.0, 1.0, 1.0, 1.0, 1.0, 1.0, 1.0, 1.0, 1.0, 1.0, 1.0, 1.0, 1.0, 1.0, 1.0, 1.0, 1.0, 1.0, 1.0, 1.0, 1.0]",1.4346958123195035,0.0001,0.9,10000,1.6388324957051e-08,0.9886837229594821,"[-0.18286938252262072, 0.18370793604999802, 0.12794843673003725, -0.11656874493325155, 0.15538283304553685, -0.08029717533209499, 0.006281859173333285, -0.07028350815542918, -0.13931792903360818, 0.14982792136502096, 0.08668774332352062, 0.015274859134503183, 0.09429888507773054, 0.12381506777675404, 0.00439405636581151, -0.06977681323088655, 0.011983235491475288, 0.1468941671365647, -0.08609112552091407, -0.006967010922728386, -0.011560465073046394, -0.02692482443990986, -0.013866917241594123, 0.2652307245644581, -0.11438463860956183, 0.1406400319907626, -0.027096531642006583, 0.010200740413878617, 0.2137889271071754, -0.005636092788386491]"
"[1.0, 1.0, 1.0, 1.0, 1.0, 1.0, 1.0, 1.0, 1.0, 1.0, 1.0, 1.0, 1.0, 1.0, 1.0, 1.0, 1.0, 1.0, 1.0, 1.0, 1.0, 1.0, 1.0, 1.0, 1.0, 1.0, 1.0, 1.0, 1.0, 1.0]",1.694499140002123,0.0001,0.9,10000,1.5175771372543963e-08,1.242249481923882,"[-0.18754283467835178, 0.18211754118605988, 0.12132662458060069, -0.1285540446930816, 0.15115454595665684, -0.08392483547458912, 0.003605426560576054, -0.07526242622199271, -0.13963334003459993, 0.14469406330001108, 0.08384053377983804, 0.009885486529062354, 0.08937313234595226, 0.12311686199165515, -0.004422575850188326, -0.07516319569221384, 0.007106523701543865, 0.14255851469215344, -0.09083914127548676, -0.006439330413274613, -0.013385754292228795, -0.029920310478823858, -0.016633071977155408, 0.2641921495875332, -0.12061963799834223, 0.13544352028743706, -0.031156256636409363, 0.011203590615995372, 0.21228093676983775, -0.005335793181127633]"
"[1.0, 1.0, 1.0, 1.0, 1.0, 1.0, 1.0, 1.0, 1.0, 1.0, 1.0, 1.0, 1.0, 1.0, 1.0, 1.0, 1.0, 1.0, 1.0, 1.0, 1.0, 1.0, 1.0, 1.0, 1.0, 1.0, 1.0, 1.0, 1.0, 1.0]",2.648827825567748,0.0001,0.9,10000,1.1260181921173757e-08,2.1736658714497423,"[-0.204709702757431, 0.17627558583633168, 0.09700289731736031, -0.17257932900307144, 0.13562289093238505, -0.09725022343765062, -0.006225842500218927, -0.09355135414445331, -0.14079193091437728, 0.12583599838312212, 0.07338195433980416, -0.009911153184716357, 0.07127949524026245, 0.12055216116548965, -0.036808477558454886, -0.09494885178878121, -0.01080697261076624, 0.12663247734978936, -0.10827990184820001, -0.00450101556766668, -0.020090540858502603, -0.040923550043326574, -0.026793914936351054, 0.2603771796199498, -0.14352249618831417, 0.11635531141961837, -0.04606873698153846, 0.014887333714060438, 0.2067416757861024, -0.00423271058389064]"
"[1.0, 1.0, 1.0, 1.0, 1.0, 1.0, 1.0, 1.0, 1.0, 1.0, 1.0, 1.0, 1.0, 1.0, 1.0, 1.0, 1.0, 1.0, 1.0, 1.0, 1.0, 1.0, 1.0, 1.0, 1.0, 1.0, 1.0, 1.0, 1.0, 1.0]",1.8679646304090691,0.0001,0.9,10000,1.4401099927670824e-08,1.4115502723390936,"[-0.19066320529607453, 0.18105566631526998, 0.11690537292793576, -0.13655638984800153, 0.14833140315861776, -0.0863469516624782, 0.0018184259865100054, -0.07858675032444391, -0.13984393365730163, 0.1412662888566641, 0.08193950886151918, 0.0062871101328579645, 0.08608430567516585, 0.12265068394075289, -0.010309265003586126, -0.07875957562894413, 0.0038504406876751908, 0.13966368619164005, -0.09400929651819807, -0.006087008681420748, -0.014604463430269152, -0.03192033665009005, -0.01847997821975712, 0.26349871382863516, -0.12478262250015384, 0.13197391326175764, -0.033866853892236745, 0.011873173656622917, 0.21127408175482185, -0.005135289134060232]"
"[1.0, 1.0, 1.0, 1.0, 1.0, 1.0, 1.0, 1.0, 1.0, 1.0, 1.0, 1.0, 1.0, 1.0, 1.0, 1.0, 1.0, 1.0, 1.0, 1.0, 1.0, 1.0, 1.0, 1.0, 1.0, 1.0, 1.0, 1.0, 1.0, 1.0]",1.600494719918475,0.0001,0.9,10000,1.5607265715763726e-08,1.1505019960963119,"[-0.1858518434058124, 0.18269299242535741, 0.12372258931501343, -0.12421741373650044, 0.15268446352654588, -0.08261224224879256, 0.004573837927356358, -0.07346090847521848, -0.13951921513673662, 0.14655164285642988, 0.08487073722025518, 0.011835518697272434, 0.09115541332424659, 0.12336949320509223, -0.0012324612125178482, -0.07321424544533967, 0.008871060236994082, 0.144127280178556, -0.0891211707185353, -0.006630260609292657, -0.012725311425446962, -0.028836456278539178, -0.015632196529956607, 0.264567936300081, -0.11836363340058685, 0.13732376975724278, -0.029687329747742703, 0.010840730168742322, 0.21282657164841154, -0.005444450336074766]"
"[1.0, 1.0, 1.0, 1.0, 1.0, 1.0, 1.0, 1.0, 1.0, 1.0, 1.0, 1.0, 1.0, 1.0, 1.0, 1.0, 1.0, 1.0, 1.0, 1.0, 1.0, 1.0, 1.0, 1.0, 1.0, 1.0, 1.0, 1.0, 1.0, 1.0]",2.420216777362614,0.0001,0.9,10000,1.2121069186378895e-08,1.9505435024530078,"[-0.20059735051934294, 0.17767503610568863, 0.10282968725882467, -0.16203299780097546, 0.13934352512180426, -0.09405810424847472, -0.0038707453946098215, -0.089170210576057, -0.14051438851261072, 0.1303534796796373, 0.07588732470609968, -0.005168834710632385, 0.07561385656371267, 0.12116653957941738, -0.02905038011406449, -0.09020916445874805, -0.006515764318574546, 0.13044758648950186, -0.10410193820073832, -0.0049653421621698906, -0.01848439791415767, -0.03828770542444465, -0.024359867846827626, 0.2612910621180349, -0.13803607783277774, 0.12092792408822281, -0.04249642713210927, 0.014004886834170728, 0.20806861510892424, -0.004496955882838379]"
"[1.0, 1.0, 1.0, 1.0, 1.0, 1.0, 1.0, 1.0, 1.0, 1.0, 1.0, 1.0, 1.0, 1.0, 1.0, 1.0, 1.0, 1.0, 1.0, 1.0, 1.0, 1.0, 1.0, 1.0, 1.0, 1.0, 1.0, 1.0, 1.0, 1.0]",2.66465833647031,0.0001,0.9,10000,1.1202366767310085e-08,2.189116310624657,"[-0.2049944686838866, 0.17617867882802873, 0.09659941261082723, -0.17330962533996144, 0.1353652501028526, -0.09747126646257608, -0.006388924690251418, -0.09385473292500564, -0.14081114974938844, 0.12552317869449356, 0.07320846625508552, -0.010239542056981922, 0.07097935596560699, 0.12050961762152625, -0.03734569851580017, -0.09527705846357588, -0.011104123689806738, 0.12636829446228257, -0.10856921113395335, -0.004468862584360034, -0.020201760607465164, -0.041106073011067, -0.026962464135047035, 0.2603138964717246, -0.1439024113598474, 0.11603867407740813, -0.04631610687228853, 0.014948440056307273, 0.20664978990577526, -0.004214412526475291]"
"[1.0, 1.0, 1.0, 1.0, 1.0, 1.0, 1.0, 1.0, 1.0, 1.0, 1.0, 1.0, 1.0, 1.0, 1.0, 1.0, 1.0, 1.0, 1.0, 1.0, 1.0, 1.0, 1.0, 1.0, 1.0, 1.0, 1.0, 1.0, 1.0, 1.0]",2.4553783323911085,0.0001,0.9,10000,1.19854993415866e-08,1.9848608703893398,"[-0.20122985144460948, 0.17745979345647242, 0.1019334969969161, -0.16365507778277308, 0.1387712724471454, -0.09454906859778744, -0.0042329714424169905, -0.0898440529903992, -0.14055707596148517, 0.12965866782148575, 0.07550198585789974, -0.005898227683099399, 0.07494720949925826, 0.1210720450194237, -0.03024361540321211, -0.090938152747727, -0.007175774224872542, 0.12986080308157422, -0.10474453049822648, -0.0048939263437660415, -0.018731430959868057, -0.03869311188376041, -0.02473423680822411, 0.26115050228946163, -0.13887991719413864, 0.12022463274148609, -0.04304586676040346, 0.014140611702983898, 0.20786452501623107, -0.004456313596768053]"
"[1.0, 1.0, 1.0, 1.0, 1.0, 1.0, 1.0, 1.0, 1.0, 1.0, 1.0, 1.0, 1.0, 1.0, 1.0, 1.0, 1.0, 1.0, 1.0, 1.0, 1.0, 1.0, 1.0, 1.0, 1.0, 1.0, 1.0, 1.0, 1.0, 1.0]",2.741647050224682,0.0001,0.9,10000,1.0924514473593367e-08,2.264256616982353,"[-0.20637937423329455, 0.17570738981095424, 0.09463714059277607, -0.17686128428405798, 0.1341122623630083, -0.09854626765982698, -0.00718204426321602, -0.09533015859122884, -0.14090461694046272, 0.124001838946662, 0.07236473956954752, -0.011836599602536873, 0.06951968502730799, 0.12030271509333126, -0.03995837164824125, -0.09687322992598796, -0.01254926210049044, 0.12508349065334523, -0.10997621245718722, -0.004312492594573978, -0.02074265694804785, -0.041993739151690586, -0.027782171476888842, 0.2600061307770967, -0.14575005737532884, 0.11449876788907287, -0.04751914383222083, 0.015245619264279775, 0.20620292020067446, -0.004125423364134245]"
"[1.0, 1.0, 1.0, 1.0, 1.0, 1.0, 1.0, 1.0, 1.0, 1.0, 1.0, 1.0, 1.0, 1.0, 1.0, 1.0, 1.0, 1.0, 1.0, 1.0, 1.0, 1.0, 1.0, 1.0, 1.0, 1.0, 1.0, 1.0, 1.0, 1.0]",2.7810891854499475,0.0001,0.9,10000,1.0784301876879216e-08,2.302751793479046,"[-0.2070888760458359, 0.1754659434451802, 0.09363184781010055, -0.1786808368589194, 0.1334703434445005, -0.09909700218339089, -0.007588367838727177, -0.09608603482040781, -0.14095250117452401, 0.12322244044613548, 0.07193248943311387, -0.012654789134514887, 0.06877188011246722, 0.12019671673204725, -0.041296871825266104, -0.0976909655081675, -0.0132896218471839, 0.1244252720249406, -0.11069703416918741, -0.004232382589073695, -0.02101976388447648, -0.042448499937343676, -0.028202116248602575, 0.25984845914507226, -0.14669662604023218, 0.11370985760401067, -0.04813547243599481, 0.015397867326825234, 0.2059739841076145, -0.004079833271723934]"
"[1.0, 1.0, 1.0, 1.0, 1.0, 1.0, 1.0, 1.0, 1.0, 1.0, 1.0, 1.0, 1.0, 1.0, 1.0, 1.0, 1.0, 1.0, 1.0, 1.0, 1.0, 1.0, 1.0, 1.0, 1.0, 1.0, 1.0, 1.0, 1.0, 1.0]",1.0465664442520117,0.0001,0.9,10000,1.831666784209883e-08,0.6098728791251927,"[-0.17588754727024983, 0.18608388311358734, 0.1378409957974956, -0.09866348227408592, 0.16169962048029732, -0.07487768570804405, 0.010280276391198015, -0.06284532658911635, -0.13884672539819584, 0.15749757326784444, 0.09094129023072559, 0.023326233234627493, 0.10165764107248673, 0.12485814206132421, 0.01756553465672679, -0.061729906212671826, 0.019268727490970423, 0.1533713514683417, -0.07899789707447857, -0.007755331474672673, -0.008833601035157162, -0.022449762039019768, -0.009734460975283564, 0.26678228840730106, -0.10506995278835052, 0.14840328437693193, -0.02103156507417909, 0.00870254707399437, 0.21604176713776094, -0.0060847209789331716]"
"[1.0, 1.0, 1.0, 1.0, 1.0, 1.0, 1.0, 1.0, 1.0, 1.0, 1.0, 1.0, 1.0, 1.0, 1.0, 1.0, 1.0, 1.0, 1.0, 1.0, 1.0, 1.0, 1.0, 1.0, 1.0, 1.0, 1.0, 1.0, 1.0, 1.0]",2.8437861129514426,0.0001,0.8,10000,1.0564396883647566e-08,2.363943442363841,"[-0.20821669489867095, 0.17508214208138548, 0.092033841810851, -0.181573184223476, 0.1324499538619965, -0.09997244572363655, -0.008234256800125423, -0.09728757010419214, -0.14102861760012447, 0.12198351433315627, 0.07124538780152961, -0.01395537718523827, 0.06758317493047702, 0.12002822251805736, -0.043424541843139305, -0.09899083196363394, -0.014466492244750382, 0.1233789725436999, -0.11184284705078423, -0.0041050403146683885, -0.021460251028599324, -0.04317138433104546, -0.028869657363107218, 0.2595978254806979, -0.14820128461461268, 0.11245581162842477, -0.04911518384277539, 0.015639879725118093, 0.20561006898113698, -0.00400736359678596]"
"[1.0, 1.0, 1.0, 1.0, 1.0, 1.0, 1.0, 1.0, 1.0, 1.0, 1.0, 1.0, 1.0, 1.0, 1.0, 1.0, 1.0, 1.0, 1.0, 1.0, 1.0, 1.0, 1.0, 1.0, 1.0, 1.0, 1.0, 1.0, 1.0, 1.0]",2.08330512435525,0.0001,0.8,10000,1.3478329077955063e-08,1.621720697291992,"[-0.19453684119067907, 0.17973745219297746, 0.11141682006066612, -0.14649052115184746, 0.1448267466232795, -0.08935377276027398, -0.00039996099869783806, -0.08271357458545364, -0.14010536510760388, 0.13701104108355075, 0.07957957176997446, 0.0018200766684776325, 0.08200154801467346, 0.12207196934159606, -0.01761701565200847, -0.08322413068353561, -0.00019166891517083897, 0.13607003884583332, -0.09794473517086698, -0.005649635601694592, -0.01611737200445549, -0.03440317414483011, -0.02077273225181889, 0.26263788094198337, -0.12995056187995516, 0.12766673441623452, -0.03723179610979044, 0.012704395719111706, 0.21002416941919116, -0.004886382908201525]"
"[1.0, 1.0, 1.0, 1.0, 1.0, 1.0, 1.0, 1.0, 1.0, 1.0, 1.0, 1.0, 1.0, 1.0, 1.0, 1.0, 1.0, 1.0, 1.0, 1.0, 1.0, 1.0, 1.0, 1.0, 1.0, 1.0, 1.0, 1.0, 1.0, 1.0]",1.1743010037692454,0.0001,0.8,10000,1.7666587375829133e-08,0.7345406838791771,"[-0.17818529055884355, 0.18530195168408717, 0.13458532441846108, -0.10455615885817428, 0.15962074645805938, -0.07666125628242007, 0.008964385082500777, -0.06529325484229939, -0.1390017999526208, 0.1549734674205202, 0.08954143496266677, 0.020676501447238052, 0.09923585201729347, 0.12451486313103696, 0.013230760954705201, -0.06437816786977245, 0.016871049840202535, 0.15123969033779897, -0.0813323002031878, -0.007495892775245624, -0.00973102031182061, -0.02392251873206734, -0.011094464943882375, 0.2662716640115891, -0.10813544431850214, 0.14584837432488926, -0.023027564080607122, 0.00919560707430982, 0.21530035060851802, -0.005937076072308789]"
"[1.0, 1.0, 1.0, 1.0, 1.0, 1.0, 1.0, 1.0, 1.0, 1.0, 1.0, 1.0, 1.0, 1.0, 1.0, 1.0, 1.0, 1.0, 1.0, 1.0, 1.0, 1.0, 1.0, 1.0, 1.0, 1.0, 1.0, 1.0, 1.0, 1.0]",1.3354473958037572,0.0001,0.8,10000,1.6868097088339e-08,0.8918181428135077,"[-0.1810840600240374, 0.18431548859094757, 0.13047805933402185, -0.11199019687060639, 0.15699809641374787, -0.0789113596537073, 0.007304292954673497, -0.06838149351044402, -0.1391974377270524, 0.15178912520376345, 0.08777541622294034, 0.017333673014503823, 0.0961805898393198, 0.12408179191455332, 0.00776213018628387, -0.0677191416267415, 0.013846205944055574, 0.14855044553572272, -0.08427731871006021, -0.007168592078199526, -0.010863179682966144, -0.025780507895895373, -0.012810208384973, 0.26562747437829454, -0.1120027837586916, 0.1426251703743266, -0.02554566129412472, 0.009817637951526525, 0.2143649999944498, -0.005750811336322349]"
"[1.0, 1.0, 1.0, 1.0, 1.0, 1.0, 1.0, 1.0, 1.0, 1.0, 1.0, 1.0, 1.0, 1.0, 1.0, 1.0, 1.0, 1.0, 1.0, 1.0, 1.0, 1.0, 1.0, 1.0, 1.0, 1.0, 1.0, 1.0, 1.0, 1.0]",2.020067335462008,0.0001,0.8,10000,1.3744843935037088e-08,1.5600011724538483,"[-0.19339929309434464, 0.18012456445808805, 0.11302861142042978, -0.14357322265996458, 0.14585593869980668, -0.0884707771177097, 0.00025149978920712085, -0.0815016741359153, -0.1400285920559531, 0.13826065491805642, 0.08027260075333818, 0.0031318843736738997, 0.08320050768224496, 0.12224191708797724, -0.015470991073349179, -0.08191305079850945, 0.0009953538740114331, 0.13712536433546335, -0.09678903781845966, -0.005778076407120571, -0.015673084953396425, -0.033674053715730796, -0.020099432526315804, 0.2628906767230311, -0.1284329232160701, 0.12893159854637118, -0.036243633123387395, 0.012460295576366843, 0.21039122389634626, -0.004959477750126798]"
"[1.0, 1.0, 1.0, 1.0, 1.0, 1.0, 1.0, 1.0, 1.0, 1.0, 1.0, 1.0, 1.0, 1.0, 1.0, 1.0, 1.0, 1.0, 1.0, 1.0, 1.0, 1.0, 1.0, 1.0, 1.0, 1.0, 1.0, 1.0, 1.0, 1.0]",1.952595268524547,0.0001,0.8,10000,1.4033302510012253e-08,1.4941490295482744,"[-0.19218557701344066, 0.18053759699956398, 0.1147483251615098, -0.1404605875953023, 0.1469540434548018, -0.0875286578225334, 0.0009465811109606551, -0.08020862721438479, -0.13994667843166847, 0.1395939404386834, 0.08101203359521096, 0.004531528144325196, 0.0844797473324849, 0.12242324420140703, -0.013181272907122654, -0.08051418358143676, 0.002261857375949902, 0.1382513523455328, -0.09555595724297027, -0.005915117356414972, -0.015199049314686245, -0.032896112815855715, -0.019381049974629957, 0.26316039921268464, -0.12681366645031866, 0.13028115549244887, -0.03518930468574394, 0.01219985096786579, 0.21078285561981083, -0.0050374668789923745]"
"[1.0, 1.0, 1.0, 1.0, 1.0, 1.0, 1.0, 1.0, 1.0, 1.0, 1.0, 1.0, 1.0, 1.0, 1.0, 1.0, 1.0, 1.0, 1.0, 1.0, 1.0, 1.0, 1.0, 1.0, 1.0, 1.0, 1.0, 1.0, 1.0, 1.0]",2.805230154878024,0.0001,0.8,10000,1.0699196608947821e-08,2.3263131669601647,"[-0.20752313401559086, 0.1753181636837303, 0.09301654789810984, -0.1797945129525602, 0.13307745028852647, -0.09943408498127701, -0.007837062412646695, -0.0965486767345894, -0.14098180921842116, 0.12274540148092676, 0.07166792623770671, -0.013155570554311926, 0.06831417833024234, 0.1201318393316562, -0.04211611479141162, -0.09819146908326287, -0.013742766736744511, 0.12402240246185654, -0.11113822060123758, -0.004183350426321931, -0.021189370069396522, -0.042726841009925645, -0.028459147817443964, 0.2597519545814482, -0.14727598324466462, 0.11322699685206594, -0.04851270277346012, 0.015491052338295631, 0.20583386138880164, -0.004051929381105428]"
"[1.0, 1.0, 1.0, 1.0, 1.0, 1.0, 1.0, 1.0, 1.0, 1.0, 1.0, 1.0, 1.0, 1.0, 1.0, 1.0, 1.0, 1.0, 1.0, 1.0, 1.0, 1.0, 1.0, 1.0, 1.0, 1.0, 1.0, 1.0, 1.0, 1.0]",1.3777637532064417,0.0001,0.8,10000,1.6662418001593135e-08,0.9331185348336143,"[-0.18184526456090921, 0.1840564475768311, 0.12939950898569275, -0.11394234364539652, 0.15630939966282426, -0.07950222723225067, 0.006868359820113912, -0.06919245185444453, -0.1392488113748251, 0.15095293047649902, 0.08731166721046354, 0.016455860480760257, 0.09537829098143262, 0.12396806925438994, 0.006326090997455813, -0.0685964671305143, 0.013051894797645213, 0.1478442612845515, -0.08505066804863938, -0.00708264430673838, -0.011160479920230962, -0.026268407950710185, -0.013260755317782303, 0.2654583129194906, -0.11301833065293117, 0.14177877072099582, -0.02620690291620927, 0.009980980615196774, 0.21411938090002314, -0.0057018990085936794]"
"[1.0, 1.0, 1.0, 1.0, 1.0, 1.0, 1.0, 1.0, 1.0, 1.0, 1.0, 1.0, 1.0, 1.0, 1.0, 1.0, 1.0, 1.0, 1.0, 1.0, 1.0, 1.0, 1.0, 1.0, 1.0, 1.0, 1.0, 1.0, 1.0, 1.0]",2.596089483836631,0.0001,0.8,10000,1.1454469925202935e-08,2.122193714542237,"[-0.20376102315793693, 0.1765984253802671, 0.0983470809932634, -0.17014639313530716, 0.13648120499410138, -0.09651383263778854, -0.005682544540909116, -0.09254066700357741, -0.14072790458606077, 0.1268781373096958, 0.07395991887641759, -0.008817146511601901, 0.07227939017297375, 0.12069389228041351, -0.03501876005609539, -0.09385545209496776, -0.009817032661975672, 0.1275125858621783, -0.10731608633573875, -0.004608131189628036, -0.019720019328013007, -0.04031548636769875, -0.026232403984869316, 0.2605880034093723, -0.1422568329214439, 0.11741016861665303, -0.045244639900107866, 0.014683761815516777, 0.2070477877610611, -0.004293669400125685]"
"[1.0, 1.0, 1.0, 1.0, 1.0, 1.0, 1.0, 1.0, 1.0, 1.0, 1.0, 1.0, 1.0, 1.0, 1.0, 1.0, 1.0, 1.0, 1.0, 1.0, 1.0, 1.0, 1.0, 1.0, 1.0, 1.0, 1.0, 1.0, 1.0, 1.0]",2.4183030972877715,0.0001,0.8,10000,1.2128480594446158e-08,1.948675767559384,"[-0.2005629264326661, 0.1776867507630383, 0.10287846273095937, -0.16194471552397097, 0.1393746701761233, -0.09403138334002858, -0.003851031113779481, -0.0891335364642083, -0.14051206523309964, 0.13039129506088618, 0.07590829690927091, -0.005129137240000399, 0.07565013906609801, 0.12117168247928238, -0.028985437861209717, -0.09016948901315767, -0.0064798430458700125, 0.13047952238412056, -0.1040669648875571, -0.00496922899335893, -0.01847095305322814, -0.03826564103443716, -0.024339492683628103, 0.261298712136447, -0.13799015157693076, 0.12096620096863925, -0.042466523685912895, 0.013997499960157145, 0.20807972278443848, -0.004499167853639104]"
"[1.0, 1.0, 1.0, 1.0, 1.0, 1.0, 1.0, 1.0, 1.0, 1.0, 1.0, 1.0, 1.0, 1.0, 1.0, 1.0, 1.0, 1.0, 1.0, 1.0, 1.0, 1.0, 1.0, 1.0, 1.0, 1.0, 1.0, 1.0, 1.0, 1.0]",1.520454230000871,0.0001,0.8,10000,1.598113724991579e-08,1.0723831830892854,"[-0.18441204121587076, 0.1831829629935075, 0.12576264435707513, -0.12052496963602158, 0.15398711878167748, -0.08149462879229917, 0.0053983961786586935, -0.07192699801740261, -0.13942204297474087, 0.14813328739638404, 0.08574790861296769, 0.013495882432931611, 0.0926729445482732, 0.12358459719779503, 0.0014837763672173596, -0.07155480291650873, 0.010373482874667833, 0.14546301266843062, -0.08765839689449698, -0.006792828990820114, -0.012162974350522477, -0.027913603702959422, -0.014779996590113672, 0.26488790160118497, -0.1164427480517904, 0.13892471669778775, -0.02843660528481557, 0.010531770994865085, 0.21329115494096562, -0.005536966963561017]"
"[1.0, 1.0, 1.0, 1.0, 1.0, 1.0, 1.0, 1.0, 1.0, 1.0, 1.0, 1.0, 1.0, 1.0, 1.0, 1.0, 1.0, 1.0, 1.0, 1.0, 1.0, 1.0, 1.0, 1.0, 1.0, 1.0, 1.0, 1.0, 1.0, 1.0]",1.5672469089156704,0.0001,0.7,10000,1.5761844264588412e-08,1.1180524254690603,"[-0.1852537677175965, 0.18289652002574505, 0.12457000247482325, -0.12268361898190178, 0.1532255701060906, -0.08214799970087795, 0.004916349035525735, -0.07282374139828993, -0.13947885104501087, 0.14720863806962975, 0.08523510316444143, 0.0125252128725072, 0.09178577667383635, 0.12345884469335329, -0.0001041703464485763, -0.07252493392781385, 0.009495147670181081, 0.1446821266246411, -0.08851355290295809, -0.006697789466620139, -0.012491723689961973, -0.02845311494657168, -0.015278203412652472, 0.2647008458546015, -0.11756572182982293, 0.13798878294443778, -0.029167794564952276, 0.010712392420794425, 0.21301955369439676, -0.005482880577424805]"
"[1.0, 1.0, 1.0, 1.0, 1.0, 1.0, 1.0, 1.0, 1.0, 1.0, 1.0, 1.0, 1.0, 1.0, 1.0, 1.0, 1.0, 1.0, 1.0, 1.0, 1.0, 1.0, 1.0, 1.0, 1.0, 1.0, 1.0, 1.0, 1.0, 1.0]",2.4896437362439308,0.0001,0.7,10000,1.185449024186624e-08,2.01830360267327,"[-0.2018462320234553, 0.17725003662701033, 0.10106014764622882, -0.16523581633693718, 0.1382136045912386, -0.09502751989759214, -0.004585965552150085, -0.09050072140116482, -0.14059867544916294, 0.12898156440833775, 0.07512646801623786, -0.006609030852889012, 0.07429755305282547, 0.12097995881170509, -0.03140643909064429, -0.09164856154806662, -0.007818962672250346, 0.12928897483249702, -0.10537074525375338, -0.004824330677217271, -0.018972167954276416, -0.03908818587982672, -0.02509906434903671, 0.26101352486375734, -0.1397022498947405, 0.11953926595373712, -0.0435813029986732, 0.01427287739598292, 0.20766563650169229, -0.004416707147492086]"
"[1.0, 1.0, 1.0, 1.0, 1.0, 1.0, 1.0, 1.0, 1.0, 1.0, 1.0, 1.0, 1.0, 1.0, 1.0, 1.0, 1.0, 1.0, 1.0, 1.0, 1.0, 1.0, 1.0, 1.0, 1.0, 1.0, 1.0, 1.0, 1.0, 1.0]",2.119087844228803,0.0001,0.7,10000,1.3329169834011616e-08,1.656644316644676,"[-0.19518051589193336, 0.17951840706213829, 0.1105047976808455, -0.14814125683615065, 0.14424438451962268, -0.08985341049714655, -0.0007685861402501592, -0.0833993211154852, -0.14014880667393909, 0.1363039546630278, 0.07918742551676253, 0.0010777982228741027, 0.0813231239477455, 0.12197580543851934, -0.018831330663395793, -0.08396599729650304, -0.0008633385717514217, 0.13547288930863752, -0.09859867951875692, -0.005576958149789488, -0.016368769141670524, -0.03481574252404097, -0.02115371482395326, 0.2624948379802246, -0.13080930852700703, 0.12695101870828612, -0.0377909421512764, 0.012842518306599724, 0.209816473866197, -0.00484502263456535]"
"[1.0, 1.0, 1.0, 1.0, 1.0, 1.0, 1.0, 1.0, 1.0, 1.0, 1.0, 1.0, 1.0, 1.0, 1.0, 1.0, 1.0, 1.0, 1.0, 1.0, 1.0, 1.0, 1.0, 1.0, 1.0, 1.0, 1.0, 1.0, 1.0, 1.0]",2.3984909790283733,0.0001,0.7,10000,1.2205410110210252e-08,1.9293393146819422,"[-0.20020653766884552, 0.1778080313155408, 0.10338342980188335, -0.16103073886965297, 0.13969711148042321, -0.09375474472885646, -0.0036469313437331855, -0.08875385343851919, -0.14048801257716298, 0.13078279352250372, 0.07612541981024415, -0.004718153715056662, 0.07602576780230053, 0.12122492635305224, -0.02831309789670227, -0.08975873351103957, -0.0061079540806244685, 0.1308101511706198, -0.10370489004245731, -0.005009468926964056, -0.01833175989434731, -0.038037210843890265, -0.024128550871474676, 0.26137791193133286, -0.13751468212725212, 0.12136247728011204, -0.04215693661323265, 0.013921024470108486, 0.20819471932110373, -0.004522068142813253]"
"[1.0, 1.0, 1.0, 1.0, 1.0, 1.0, 1.0, 1.0, 1.0, 1.0, 1.0, 1.0, 1.0, 1.0, 1.0, 1.0, 1.0, 1.0, 1.0, 1.0, 1.0, 1.0, 1.0, 1.0, 1.0, 1.0, 1.0, 1.0, 1.0, 1.0]",1.3156666127749612,0.0001,0.7,10000,1.696481260419145e-08,0.8725122728450732,"[-0.18072823493160114, 0.1844365773237755, 0.13098222773922957, -0.11107766577949645, 0.15732002773862636, -0.07863515857952959, 0.007508069916563632, -0.06800241099879444, -0.13917342311326264, 0.15218000446381783, 0.08799219571811887, 0.01774400651993107, 0.09655562447382575, 0.1241349515767769, 0.0084334067648601, -0.06730903578349437, 0.014217506722497785, 0.1488805513933205, -0.08391581652955957, -0.007208768367545795, -0.010724206674685755, -0.025552438994969097, -0.012599600202481928, 0.26570654890925277, -0.11152806632071859, 0.1430208199274986, -0.025236563870365363, 0.009741283416596334, 0.21447981465036015, -0.00577367540595458]"
"[1.0, 1.0, 1.0, 1.0, 1.0, 1.0, 1.0, 1.0, 1.0, 1.0, 1.0, 1.0, 1.0, 1.0, 1.0, 1.0, 1.0, 1.0, 1.0, 1.0, 1.0, 1.0, 1.0, 1.0, 1.0, 1.0, 1.0, 1.0, 1.0, 1.0]",1.4572135439349283,0.0001,0.7,10000,1.628074723239334e-08,1.0106608306360851,"[-0.1832744410039681, 0.18357009299375912, 0.12737450955936291, -0.1176075374911817, 0.1550163580095561, -0.08061159269621919, 0.00604988681255396, -0.07071504204592266, -0.13934526640581268, 0.14938295848063274, 0.08644096934672325, 0.01480775023721804, 0.09387195914492051, 0.12375455273015391, 0.0036298992637349725, -0.07024366296573795, 0.011560560046049386, 0.14651838650668642, -0.0865026465950312, -0.006921275680626142, -0.011718666944918627, -0.027184449869974932, -0.01410666601809296, 0.2651407089638073, -0.11492503985888919, 0.14018963877634322, -0.027448397026764302, 0.010287659668928936, 0.21365822623433545, -0.005610065154249523]"
"[1.0, 1.0, 1.0, 1.0, 1.0, 1.0, 1.0, 1.0, 1.0, 1.0, 1.0, 1.0, 1.0, 1.0, 1.0, 1.0, 1.0, 1.0, 1.0, 1.0, 1.0, 1.0, 1.0, 1.0, 1.0, 1.0, 1.0, 1.0, 1.0, 1.0]",2.178509309822224,0.0001,0.7,10000,1.3084102103699364e-08,1.7146391435638242,"[-0.19624941435043786, 0.17915465654927754, 0.10899027596045911, -0.15088249992821756, 0.14327730292751234, -0.09068311843146941, -0.0013807320655182228, -0.08453808485351699, -0.14022094656571915, 0.13512975349673656, 0.0785362199858457, -0.00015484348999648116, 0.08019652003129922, 0.12181611383099908, -0.02084784528060931, -0.08519795511226133, -0.0019787259858362913, 0.13448125142297782, -0.09968463194790216, -0.005456268590050254, -0.016786244012000476, -0.03550086142603726, -0.02178638173361633, 0.262257298115713, -0.13223535955168197, 0.12576248758307237, -0.03871947070872504, 0.013071887303956154, 0.20947157067829475, -0.004776338977047258]"
"[1.0, 1.0, 1.0, 1.0, 1.0, 1.0, 1.0, 1.0, 1.0, 1.0, 1.0, 1.0, 1.0, 1.0, 1.0, 1.0, 1.0, 1.0, 1.0, 1.0, 1.0, 1.0, 1.0, 1.0, 1.0, 1.0, 1.0, 1.0, 1.0, 1.0]",1.1487068932878817,0.0001,0.7,10000,1.779562883311771e-08,0.7095610575321497,"[-0.1777248928731401, 0.1854586268976799, 0.1352376616816173, -0.10337544616699633, 0.16003728941716958, -0.07630388312902746, 0.00922804957285946, -0.06480276466955946, -0.13897072774088853, 0.15547922126010127, 0.08982192327001322, 0.02120742689426443, 0.09972110469186622, 0.12458364576042771, 0.01409931741632875, -0.06384753699202418, 0.017351471324602605, 0.15166681022367876, -0.08086455700346115, -0.007547876379067141, -0.009551204855440963, -0.02362742320227118, -0.01082196162168864, 0.266373977569077, -0.10752121329755594, 0.14636030038772674, -0.022627626747403675, 0.009096812886036247, 0.21544890787159487, -0.005966659609187089]"
"[1.0, 1.0, 1.0, 1.0, 1.0, 1.0, 1.0, 1.0, 1.0, 1.0, 1.0, 1.0, 1.0, 1.0, 1.0, 1.0, 1.0, 1.0, 1.0, 1.0, 1.0, 1.0, 1.0, 1.0, 1.0, 1.0, 1.0, 1.0, 1.0, 1.0]",1.6763614924143542,0.0001,0.7,10000,1.525838642400181e-08,1.2245472976699465,"[-0.18721656700127762, 0.18222857140967108, 0.12178891309795753, -0.12771731505910458, 0.15144973532856426, -0.08367157766677083, 0.003792276328650888, -0.07491483305578915, -0.13961132024897044, 0.14505247329105775, 0.08403930599639367, 0.010261734754628033, 0.08971701388107536, 0.12316560582640998, -0.0038070603774983326, -0.07478715621755404, 0.007446981541794396, 0.14286119956074722, -0.09050766809049803, -0.0064761693683597415, -0.013258325390917945, -0.029711186636521145, -0.01643995843925653, 0.26426465561389667, -0.12018435403707776, 0.13580630431642365, -0.030872835088623114, 0.011133578643047875, 0.21238621408690792, -0.005356757995149992]"
"[1.0, 1.0, 1.0, 1.0, 1.0, 1.0, 1.0, 1.0, 1.0, 1.0, 1.0, 1.0, 1.0, 1.0, 1.0, 1.0, 1.0, 1.0, 1.0, 1.0, 1.0, 1.0, 1.0, 1.0, 1.0, 1.0, 1.0, 1.0, 1.0, 1.0]",1.424972981667976,0.0001,0.7,10000,1.643492113443389e-08,0.9791943259012282,"[-0.18269448413208186, 0.1837674546869191, 0.12819625017688363, -0.11612020933937815, 0.1555410716627162, -0.08016141446428263, 0.006382021481784815, -0.07009717806635365, -0.13930612515189647, 0.15002004989932474, 0.0867942967555717, 0.015476549996694818, 0.09448322551736006, 0.12384119729814555, 0.004724008344169488, -0.06957523427128252, 0.012165740632162735, 0.14705642377452513, -0.08591343667633976, -0.00698675873842163, -0.01149215579415151, -0.026812721936315308, -0.013763397189370682, 0.26526959199818245, -0.11415130117039075, 0.14083450526299107, -0.02694460126080458, 0.010163209937379333, 0.21384536185266054, -0.0056473311441540405]"
"[1.0, 1.0, 1.0, 1.0, 1.0, 1.0, 1.0, 1.0, 1.0, 1.0, 1.0, 1.0, 1.0, 1.0, 1.0, 1.0, 1.0, 1.0, 1.0, 1.0, 1.0, 1.0, 1.0, 1.0, 1.0, 1.0, 1.0, 1.0, 1.0, 1.0]",1.5160980625601825,0.0001,0.7,10000,1.6001655888002974e-08,1.0681316020447957,"[-0.18433368063328004, 0.18320962941993868, 0.125873673429493, -0.1203240100369041, 0.15405801520440776, -0.08143380318571614, 0.005443272388324189, -0.0718435156349226, -0.13941675442380014, 0.1482193676846817, 0.08579564826904257, 0.01358624697783285, 0.09275553549836756, 0.12359630413525172, 0.0016316063682363332, -0.07146448850787376, 0.010455251546787175, 0.1455357093046932, -0.08757878609111487, -0.0068016767014123245, -0.012132369409710861, -0.027863377869179626, -0.014733615994058908, 0.26490531556789315, -0.116338204735998, 0.1390118475105027, -0.02836853517194756, 0.010514956031649286, 0.21331643967641217, -0.005542002139143267]"
"[1.0, 1.0, 1.0, 1.0, 1.0, 1.0, 1.0, 1.0, 1.0, 1.0, 1.0, 1.0, 1.0, 1.0, 1.0, 1.0, 1.0, 1.0, 1.0, 1.0, 1.0, 1.0, 1.0, 1.0, 1.0, 1.0, 1.0, 1.0, 1.0, 1.0]",1.0612503993880193,0.0001,0.6,10000,1.8241165243624262e-08,0.624204289973057,"[-0.17615168846658139, 0.18599399478521617, 0.13746673426132225, -0.09934088546801277, 0.1614606397926014, -0.07508271925883094, 0.01012900574828184, -0.06312673256712155, -0.13886455227142816, 0.1572074101580276, 0.09078036736043286, 0.023021628569800907, 0.10137923997281757, 0.12481867981688104, 0.0170672229797164, -0.06203434187603715, 0.018993098160995203, 0.1531263025440386, -0.07926625256840987, -0.007725507234175087, -0.008936765475903144, -0.02261906542323055, -0.00989080266805005, 0.2667235886650684, -0.10542235185927365, 0.14810958011457317, -0.02126101871595512, 0.008759227669687087, 0.21595653627233447, -0.00606774819417389]"
"[1.0, 1.0, 1.0, 1.0, 1.0, 1.0, 1.0, 1.0, 1.0, 1.0, 1.0, 1.0, 1.0, 1.0, 1.0, 1.0, 1.0, 1.0, 1.0, 1.0, 1.0, 1.0, 1.0, 1.0, 1.0, 1.0, 1.0, 1.0, 1.0, 1.0]",1.8463830383839408,0.0001,0.6,10000,1.4495956879453258e-08,1.390486828655273,"[-0.1902749864896659, 0.18118777876132125, 0.11745543997115179, -0.1355607834713517, 0.14868264256625432, -0.08604560571014017, 0.0020407544579984106, -0.07817315678275422, -0.13981773279373155, 0.14169275310276203, 0.0821760235949135, 0.006734799705888258, 0.08649348282783066, 0.12270868316862207, -0.009576876541826826, -0.07831213444407326, 0.004255544060342541, 0.14002384432761447, -0.09361488379124033, -0.006130842552126637, -0.014452838554607814, -0.03167150474256435, -0.018250196624910515, 0.26358498717100964, -0.12426468759036756, 0.13240558208037995, -0.033529616762347385, 0.01178986793410793, 0.21139934894261578, -0.005160234709880743]"
"[1.0, 1.0, 1.0, 1.0, 1.0, 1.0, 1.0, 1.0, 1.0, 1.0, 1.0, 1.0, 1.0, 1.0, 1.0, 1.0, 1.0, 1.0, 1.0, 1.0, 1.0, 1.0, 1.0, 1.0, 1.0, 1.0, 1.0, 1.0, 1.0, 1.0]",1.3994966440299244,0.0001,0.6,10000,1.6557431929993815e-08,0.9543296448116921,"[-0.1822362049941017, 0.1839234089500652, 0.128845585670773, -0.11494492976887119, 0.15595569787427313, -0.0798056857850132, 0.0066444727040855436, -0.06960894491373223, -0.13927519592082133, 0.15052347648210512, 0.08707349437905217, 0.01600503235824943, 0.09496624527247984, 0.12390966342011737, 0.005588568090839506, -0.06904704512352787, 0.01264395142812222, 0.1474815782424851, -0.08544784582516328, -0.007038503136554169, -0.01131316776944218, -0.026518984306400543, -0.013492147807652077, 0.2653714347536644, -0.11353989657054146, 0.14134407566716853, -0.02654650426336562, 0.010064870356522542, 0.2139932355205291, -0.0056767785506029135]"
"[1.0, 1.0, 1.0, 1.0, 1.0, 1.0, 1.0, 1.0, 1.0, 1.0, 1.0, 1.0, 1.0, 1.0, 1.0, 1.0, 1.0, 1.0, 1.0, 1.0, 1.0, 1.0, 1.0, 1.0, 1.0, 1.0, 1.0, 1.0, 1.0, 1.0]",1.2855852602134852,0.0001,0.6,10000,1.711258841818662e-08,0.8431531377602348,"[-0.18018711883724728, 0.18462072134164043, 0.13174893487743208, -0.1096899467273727, 0.15780960035413608, -0.07821512961110587, 0.007817960916611556, -0.06742592650542453, -0.13913690322105413, 0.1527744286993806, 0.08832186014106594, 0.018368015530421, 0.09712595321394235, 0.1242157933988168, 0.009454241349466506, -0.06668537298711935, 0.014782157252583068, 0.14938255531654854, -0.08336606708195005, -0.0072698659046183745, -0.010512865391959517, -0.025205606364173818, -0.012279320718064906, 0.2658268004099571, -0.11080614633413836, 0.14362249852042397, -0.024766508232708553, 0.009625168312277485, 0.21465441745241667, -0.005808445624028925]"
"[1.0, 1.0, 1.0, 1.0, 1.0, 1.0, 1.0, 1.0, 1.0, 1.0, 1.0, 1.0, 1.0, 1.0, 1.0, 1.0, 1.0, 1.0, 1.0, 1.0, 1.0, 1.0, 1.0, 1.0, 1.0, 1.0, 1.0, 1.0, 1.0, 1.0]",1.9363159932045253,0.0001,0.6,10000,1.4103533740889897e-08,1.4782606002554952,"[-0.1918927385228152, 0.18063725113443863, 0.11516324788039844, -0.1397095887673674, 0.1472189879043822, -0.08730134865465665, 0.001114286366190564, -0.07989664823118775, -0.13992691477979444, 0.13991562796147183, 0.0811904397321491, 0.00486922620704258, 0.0847883949760474, 0.12246699377269711, -0.012628822772938954, -0.08017667288113492, 0.002567432114321871, 0.13852302430779806, -0.09525844659758406, -0.005948181814715668, -0.015084676700590669, -0.03270841567440735, -0.019207722731597494, 0.26322547631597365, -0.12642298141723712, 0.1306067688919266, -0.03493492233622981, 0.012137012378804577, 0.21087734628742444, -0.0050562836510042765]"
"[1.0, 1.0, 1.0, 1.0, 1.0, 1.0, 1.0, 1.0, 1.0, 1.0, 1.0, 1.0, 1.0, 1.0, 1.0, 1.0, 1.0, 1.0, 1.0, 1.0, 1.0, 1.0, 1.0, 1.0, 1.0, 1.0, 1.0, 1.0, 1.0, 1.0]",2.067232768818429,0.0001,0.6,10000,1.3545713537512852e-08,1.6060342198846773,"[-0.19424772486063982, 0.17983583966139474, 0.11182646885197789, -0.14574906798928097, 0.14508832346300082, -0.08912935283425909, -0.00023438738227745908, -0.08240556105049131, -0.14008585266412107, 0.13732863975648704, 0.07975571025319578, 0.0021534823773559945, 0.08230627255341416, 0.12211516282843708, -0.01707158750496874, -0.08289090995557989, 0.00011002177692915088, 0.13633825768734018, -0.09765100607208017, -0.00568227979002567, -0.01600445313790447, -0.034217862751583124, -0.020601608106580693, 0.2627021308745413, -0.12956484269828744, 0.12798820906550837, -0.03698064711923063, 0.012642355847865803, 0.21011745905125187, -0.004904960507259219]"
"[1.0, 1.0, 1.0, 1.0, 1.0, 1.0, 1.0, 1.0, 1.0, 1.0, 1.0, 1.0, 1.0, 1.0, 1.0, 1.0, 1.0, 1.0, 1.0, 1.0, 1.0, 1.0, 1.0, 1.0, 1.0, 1.0, 1.0, 1.0, 1.0, 1.0]",2.189668117133776,0.0001,0.6,10000,1.3038446629546846e-08,1.7255300411913812,"[-0.19645014369655825, 0.17908634753262878, 0.10870586264486447, -0.15139728028835991, 0.14309569385689846, -0.09083892998662914, -0.0014956874668772956, -0.08475193425960548, -0.14023449377704797, 0.13490924926600345, 0.07841392954808794, -0.0003863223204284671, 0.07998495412839639, 0.12178612520887863, -0.021226528267131697, -0.08542930551307594, -0.002188185532267608, 0.13429503090521772, -0.09988856387360288, -0.005433604195488457, -0.016864641971205113, -0.03562952048445173, -0.021905190788001072, 0.26221269030352756, -0.13250315888045647, 0.12553929231722685, -0.03889383987233261, 0.013114960702082071, 0.20940680101675102, -0.004763440814876076]"
"[1.0, 1.0, 1.0, 1.0, 1.0, 1.0, 1.0, 1.0, 1.0, 1.0, 1.0, 1.0, 1.0, 1.0, 1.0, 1.0, 1.0, 1.0, 1.0, 1.0, 1.0, 1.0, 1.0, 1.0, 1.0, 1.0, 1.0, 1.0, 1.0, 1.0]",1.1572960906890764,0.0001,0.6,10000,1.7752255583236286e-08,0.7179440385253313,"[-0.17787939898924254, 0.1854060478350713, 0.13501874203877695, -0.10377168476204449, 0.15989750062847624, -0.07642381496110315, 0.009139565686809932, -0.06496736960553005, -0.13898115534924244, 0.15530949394851035, 0.08972779343329566, 0.02102925217421869, 0.09955825742220249, 0.12456056281007381, 0.013807836182457102, -0.06402561285676178, 0.01719024536723894, 0.15152347189525855, -0.08102152822066543, -0.007530431059559975, -0.009611549615293483, -0.02372645511664386, -0.010913411755440444, 0.2663396418830286, -0.10772734476255398, 0.14618850172288447, -0.022761842808770087, 0.009129967497359635, 0.21539905313415858, -0.0059567315892910914]"
"[1.0, 1.0, 1.0, 1.0, 1.0, 1.0, 1.0, 1.0, 1.0, 1.0, 1.0, 1.0, 1.0, 1.0, 1.0, 1.0, 1.0, 1.0, 1.0, 1.0, 1.0, 1.0, 1.0, 1.0, 1.0, 1.0, 1.0, 1.0, 1.0, 1.0]",2.814473355767703,0.0001,0.6,10000,1.0666754527321926e-08,2.3353344495963793,"[-0.2076894046230899, 0.17526158111663045, 0.09278095915297385, -0.18022092216906832, 0.13292701762343884, -0.09956314873021223, -0.007932283688401875, -0.09672581511196571, -0.14099303081158152, 0.12256275069713089, 0.07156662911413926, -0.01334731195387529, 0.06813893145238722, 0.1201069987863443, -0.04242979015296221, -0.09838310410042347, -0.013916268851431006, 0.12386814998599671, -0.11130714400894894, -0.004164576775506882, -0.021254309633817157, -0.04283341346789605, -0.028557561198599733, 0.25971500448832535, -0.14749781008734397, 0.11304211699687709, -0.048657138389488666, 0.015526731426639682, 0.20578021058397256, -0.004041245416347462]"
"[1.0, 1.0, 1.0, 1.0, 1.0, 1.0, 1.0, 1.0, 1.0, 1.0, 1.0, 1.0, 1.0, 1.0, 1.0, 1.0, 1.0, 1.0, 1.0, 1.0, 1.0, 1.0, 1.0, 1.0, 1.0, 1.0, 1.0, 1.0, 1.0, 1.0]",2.5435552359369265,0.0001,0.6,10000,1.1650576091697431e-08,2.0709207514161245,"[-0.2028160148846151, 0.17692001555690426, 0.09968606276884939, -0.167722872565531, 0.137336197438192, -0.09578029162073709, -0.00514134910811912, -0.09153389115388251, -0.14066412603532294, 0.12791624322879688, 0.074535646729191, -0.007727373570648995, 0.07327541557962312, 0.12083507490546486, -0.03323596863996039, -0.09276628378434588, -0.00883092371413186, 0.1283892884138866, -0.10635600072441415, -0.004714832281345246, -0.019350931690897483, -0.03970977585755244, -0.025673066042960904, 0.2607980113249232, -0.14099606768619172, 0.11846094358736327, -0.044423732018892916, 0.01448097772651293, 0.20735271510328876, -0.004354392309846055]"
"[1.0, 1.0, 1.0, 1.0, 1.0, 1.0, 1.0, 1.0, 1.0, 1.0, 1.0, 1.0, 1.0, 1.0, 1.0, 1.0, 1.0, 1.0, 1.0, 1.0, 1.0, 1.0, 1.0, 1.0, 1.0, 1.0, 1.0, 1.0, 1.0, 1.0]",1.5738781992163056,0.0001,0.6,10000,1.5730931483773876e-08,1.124524506381153,"[-0.18537305417257458, 0.18285592635772147, 0.12440098555317364, -0.12298953500982994, 0.15311764616450396, -0.08224059307807396, 0.0048480350466959315, -0.0729508246476732, -0.13948690168058334, 0.14707760008988144, 0.0851624302191036, 0.012387653070623967, 0.0916600504308171, 0.12344102350033177, -0.00032920844822889134, -0.07266241740845285, 0.009370673161405938, 0.14457146226072334, -0.0886347425393703, -0.006684320806786306, -0.012538312864945986, -0.02852957254121766, -0.015348807493176039, 0.2646743369864039, -0.11772486563810472, 0.13785614577630512, -0.029271416082115462, 0.01073798944019245, 0.21298106334176475, -0.005475215649147611]"
"[1.0, 1.0, 1.0, 1.0, 1.0, 1.0, 1.0, 1.0, 1.0, 1.0, 1.0, 1.0, 1.0, 1.0, 1.0, 1.0, 1.0, 1.0, 1.0, 1.0, 1.0, 1.0, 1.0, 1.0, 1.0, 1.0, 1.0, 1.0, 1.0, 1.0]",1.4419480259048025,0.0001,0.6,10000,1.6353626296806034e-08,0.9957618195271075,"[-0.18299983840829476, 0.18366354137907126, 0.12776359384731573, -0.11690330551997348, 0.1552648036063368, -0.08039843872391865, 0.006207148579256001, -0.07042249089119478, -0.1393267334933768, 0.14968461359627147, 0.08660826562045583, 0.01512441887042346, 0.09416138641211336, 0.12379557788982284, 0.004147946739334254, -0.06992717002735244, 0.011847105766694864, 0.1467731406745912, -0.08622366279311044, -0.0069522811200217844, -0.011611416642413322, -0.02700844116930152, -0.013944132360935847, 0.2652017335287268, -0.1145586839063452, 0.14049497529303942, -0.02720985579770399, 0.010228734219518849, 0.21374683269634318, -0.005627710151755493]"
"[1.0, 1.0, 1.0, 1.0, 1.0, 1.0, 1.0, 1.0, 1.0, 1.0, 1.0, 1.0, 1.0, 1.0, 1.0, 1.0, 1.0, 1.0, 1.0, 1.0, 1.0, 1.0, 1.0, 1.0, 1.0, 1.0, 1.0, 1.0, 1.0, 1.0]",1.4129019515890306,0.0001,0.6,10000,1.6492893193069447e-08,0.9674131068893217,"[-0.1824773453369502, 0.18384134790611367, 0.1285039140330244, -0.11556334613367228, 0.1557375271164916, -0.07999286545035406, 0.00650637438696498, -0.06986584665779115, -0.1392914704678546, 0.15025858015864244, 0.08692658432998149, 0.015726952019669227, 0.09471208674834344, 0.1238736374639758, 0.005133648334633515, -0.0693249711769362, 0.012392323313869908, 0.1472578676572316, -0.08569283349353973, -0.0070112759274755096, -0.011407348870144992, -0.026673545112064368, -0.013634875598388864, 0.26531784646011086, -0.11386160948000605, 0.1410759465471951, -0.02675597757011956, 0.010116615326515843, 0.21391542637755828, -0.005661283719835954]"
"[1.0, 1.0, 1.0, 1.0, 1.0, 1.0, 1.0, 1.0, 1.0, 1.0, 1.0, 1.0, 1.0, 1.0, 1.0, 1.0, 1.0, 1.0, 1.0, 1.0, 1.0, 1.0, 1.0, 1.0, 1.0, 1.0, 1.0, 1.0, 1.0, 1.0]",2.2650702482306206,0.0001,0.6,10000,1.2732977232044648e-08,1.7991218568530511,"[-0.19780650912599412, 0.17862477083499378, 0.10678402910930485, -0.1548757466797896, 0.14186852767610045, -0.09189177756975711, -0.002272462439465798, -0.0861969543681783, -0.14032603479716546, 0.1334192612727636, 0.07758759037380496, -0.0019504677197571174, 0.07855536407446931, 0.12158348652595447, -0.023785359457298306, -0.0869925830896545, -0.0036035425447665235, 0.13303670432056686, -0.10126656972737619, -0.005280456676917076, -0.01739439152530834, -0.036498893609960725, -0.022708005608987208, 0.2619112670413161, -0.13431272862498422, 0.12403112050050921, -0.04007208465840031, 0.013406015643853028, 0.20896914039814707, -0.004676285540319413]"
"[1.0, 1.0, 1.0, 1.0, 1.0, 1.0, 1.0, 1.0, 1.0, 1.0, 1.0, 1.0, 1.0, 1.0, 1.0, 1.0, 1.0, 1.0, 1.0, 1.0, 1.0, 1.0, 1.0, 1.0, 1.0, 1.0, 1.0, 1.0, 1.0, 1.0]",2.6576041354596027,0.0001,0.6,10000,1.1228100887501955e-08,2.1822314725853666,"[-0.2048675747321629, 0.17622186135827833, 0.09677920859101628, -0.1729841995094557, 0.13548005689659798, -0.0973727679403595, -0.006316253975020932, -0.09371954493811355, -0.1408025856843243, 0.12566257362478248, 0.07328577391938661, -0.010093209375181612, 0.07111310040302044, 0.12052857536159353, -0.037106308603270376, -0.09513080697041144, -0.010971710816022042, 0.1264860164488643, -0.1084402926253508, -0.0044831902083217355, -0.02015220020664427, -0.041024739331349855, -0.02688735727746593, 0.2603420959436742, -0.14373311815108775, 0.11617977018436125, -0.04620587689019326, 0.014921210586337039, 0.2066907349816406, -0.004222566285751531]"
"[1.0, 1.0, 1.0, 1.0, 1.0, 1.0, 1.0, 1.0, 1.0, 1.0, 1.0, 1.0, 1.0, 1.0, 1.0, 1.0, 1.0, 1.0, 1.0, 1.0, 1.0, 1.0, 1.0, 1.0, 1.0, 1.0, 1.0, 1.0, 1.0, 1.0]",2.0344630214881287,0.0001,0.6,10000,1.3683846753979469e-08,1.5740512351900722,"[-0.1936582487839888, 0.1800364407788304, 0.1126616972262302, -0.14423732736489808, 0.1456216495784839, -0.08867178553775798, 0.00010319882667923456, -0.08177755567244206, -0.14004606895965505, 0.1379761881659729, 0.08011483705182199, 0.0028332595769952405, 0.0829275720335697, 0.12220322954939304, -0.015959520109221397, -0.08221150991149082, 0.0007251355808368823, 0.1368851261065506, -0.09705212507241982, -0.005748837663322092, -0.015774224114085352, -0.033840033408509836, -0.020252704986018465, 0.26283312934896363, -0.12877840413956135, 0.12864366016013443, -0.036468582229670435, 0.012515863442912839, 0.2103076662467177, -0.004942838167799353]"
"[1.0, 1.0, 1.0, 1.0, 1.0, 1.0, 1.0, 1.0, 1.0, 1.0, 1.0, 1.0, 1.0, 1.0, 1.0, 1.0, 1.0, 1.0, 1.0, 1.0, 1.0, 1.0, 1.0, 1.0, 1.0, 1.0, 1.0, 1.0, 1.0, 1.0]",1.5222248779321026,0.0001,0.6,10000,1.5972802096722404e-08,1.0741113198708419,"[-0.18444389237984637, 0.18317212391226576, 0.1257175144579009, -0.12060665352519391, 0.15395830156885165, -0.08151935252845663, 0.005380155381240789, -0.07196093103532454, -0.13942419260785477, 0.1480982984097411, 0.085728503912753, 0.01345915202790035, 0.09263937387016846, 0.12357983868819708, 0.001423688023728713, -0.07159151294269328, 0.010340246427239946, 0.14543346372423577, -0.0876907562347254, -0.006789232668898789, -0.012175414316586657, -0.027934018957857035, -0.014798848874276394, 0.2648808233599184, -0.11648524169060383, 0.13888930070531658, -0.02846427368970723, 0.010538605759652557, 0.21328087747456678, -0.005534920319728917]"
"[1.0, 1.0, 1.0, 1.0, 1.0, 1.0, 1.0, 1.0, 1.0, 1.0, 1.0, 1.0, 1.0, 1.0, 1.0, 1.0, 1.0, 1.0, 1.0, 1.0, 1.0, 1.0, 1.0, 1.0, 1.0, 1.0, 1.0, 1.0, 1.0, 1.0]",2.9993511091398286,0.0001,0.5,10000,1.0034542525065022e-08,2.5157735081241617,"[-0.2110150638544421, 0.17412984569183002, 0.08806883416073427, -0.18874974015170704, 0.12991814077579755, -0.10214461550018887, -0.009836850704198385, -0.10026884589059565, -0.14121747935029794, 0.11890946359855215, 0.06954053611328677, -0.01718242487666424, 0.06463373347497668, 0.11961015096652587, -0.04870376351173881, -0.10221608921703278, -0.017386568972711083, 0.12078287124659504, -0.11468586318668587, -0.0037890758611944927, -0.022553197423695465, -0.0449650209960666, -0.03052597506593463, 0.2589759477173625, -0.15193467657999618, 0.10934424515800589, -0.05154606534423017, 0.016240366213345174, 0.20470711476121817, -0.0038275502446040647]"
"[1.0, 1.0, 1.0, 1.0, 1.0, 1.0, 1.0, 1.0, 1.0, 1.0, 1.0, 1.0, 1.0, 1.0, 1.0, 1.0, 1.0, 1.0, 1.0, 1.0, 1.0, 1.0, 1.0, 1.0, 1.0, 1.0, 1.0, 1.0, 1.0, 1.0]",1.7895094064587758,0.0001,0.5,10000,1.4748005475895471e-08,1.3349786649500586,"[-0.18925191954092524, 0.18153593262414583, 0.11890502304702709, -0.13293707755837025, 0.14960825828377367, -0.08525147343502978, 0.002626653201668361, -0.0770832201909908, -0.13974868606775007, 0.14281660766055404, 0.08279930717271014, 0.007914589035776208, 0.0875717809786678, 0.12286152762671397, -0.007646824683196246, -0.07713299968761678, 0.005323106642468757, 0.14097296343043025, -0.09257549410054951, -0.006246357266031304, -0.014053263891208662, -0.03101576190842219, -0.017644656781824433, 0.2638123419608467, -0.12289978182317075, 0.133543152166745, -0.03264090102837795, 0.011570333666475707, 0.21172946360341457, -0.005225973395688946]"
"[1.0, 1.0, 1.0, 1.0, 1.0, 1.0, 1.0, 1.0, 1.0, 1.0, 1.0, 1.0, 1.0, 1.0, 1.0, 1.0, 1.0, 1.0, 1.0, 1.0, 1.0, 1.0, 1.0, 1.0, 1.0, 1.0, 1.0, 1.0, 1.0, 1.0]",1.6518822226180858,0.0001,0.5,10000,1.5370371689336906e-08,1.2006557460098948,"[-0.18677622354139764, 0.18237842208827565, 0.12241283553802837, -0.12658803242432456, 0.15184813430731472, -0.08332977114662618, 0.004044455993182463, -0.07444570789202613, -0.1395816014957167, 0.14553619725945444, 0.08430757665792721, 0.010769533893377006, 0.09018112968415716, 0.12323139238865126, -0.0029763369197398732, -0.07427963881709301, 0.007906476594029977, 0.14326971475135766, -0.0900602990760606, -0.006525888645138232, -0.013086342423451821, -0.029428945021021075, -0.01617932494901589, 0.2643625125477898, -0.11959687798902648, 0.13629593165537876, -0.030490318419868188, 0.011039087779971627, 0.21252830042062487, -0.005385052917972219]"
"[1.0, 1.0, 1.0, 1.0, 1.0, 1.0, 1.0, 1.0, 1.0, 1.0, 1.0, 1.0, 1.0, 1.0, 1.0, 1.0, 1.0, 1.0, 1.0, 1.0, 1.0, 1.0, 1.0, 1.0, 1.0, 1.0, 1.0, 1.0, 1.0, 1.0]",2.4507719514428574,0.0001,0.5,10000,1.2003194421378853e-08,1.980365083165817,"[-0.20114698991560298, 0.177487991573359, 0.10205090345818095, -0.1634425752834204, 0.1388462410830889, -0.09448474923469018, -0.004185517592204056, -0.0897557754709034, -0.1405514836419457, 0.1297496924676757, 0.0755524676277625, -0.005802672697278443, 0.0750345443834641, 0.12108442439060058, -0.030087294208138025, -0.09084265077794441, -0.00708930884939058, 0.1299376753333516, -0.10466034693711124, -0.004903282257206736, -0.01869906810462913, -0.03864000113285716, -0.02468519216130795, 0.26116891649542884, -0.13876936902428622, 0.12031676825307151, -0.04297388677447917, 0.014122830906616837, 0.2078912620793081, -0.004461637987343977]"
"[1.0, 1.0, 1.0, 1.0, 1.0, 1.0, 1.0, 1.0, 1.0, 1.0, 1.0, 1.0, 1.0, 1.0, 1.0, 1.0, 1.0, 1.0, 1.0, 1.0, 1.0, 1.0, 1.0, 1.0, 1.0, 1.0, 1.0, 1.0, 1.0, 1.0]",1.4507777568837512,0.0001,0.5,10000,1.6311445896516045e-08,1.00437955917309,"[-0.1831586713441399, 0.18360948988202516, 0.12753854353562655, -0.1173106404587729, 0.15512110014483935, -0.08052172915066971, 0.006116186773013441, -0.07059170545625067, -0.1393374531185309, 0.14951013320757722, 0.08651149975323004, 0.014941254510382388, 0.09399397873539736, 0.12377184851997991, 0.0038483028075099626, -0.07011023276372143, 0.011681364805826518, 0.14662578827135514, -0.08638502986323413, -0.006934347258346402, -0.011673451308821095, -0.027110246392933034, -0.01403814348226721, 0.265166436299352, -0.11477058791753555, 0.14031836554450938, -0.02734783047211907, 0.010262817299115714, 0.21369558181701023, -0.005617504105633343]"
"[1.0, 1.0, 1.0, 1.0, 1.0, 1.0, 1.0, 1.0, 1.0, 1.0, 1.0, 1.0, 1.0, 1.0, 1.0, 1.0, 1.0, 1.0, 1.0, 1.0, 1.0, 1.0, 1.0, 1.0, 1.0, 1.0, 1.0, 1.0, 1.0, 1.0]",1.1828861263579418,0.0001,0.5,10000,1.7623438906918705e-08,0.7429196878912588,"[-0.1783397233754952, 0.18524939756558115, 0.13436650863357774, -0.10495220947314696, 0.15948102398675057, -0.07678113121747683, 0.008875943174208513, -0.06545778168782368, -0.13901222261399845, 0.15480382062948547, 0.08944734978221001, 0.020498411255297146, 0.0990730820042179, 0.12449179113149504, 0.012939418002831339, -0.06455615925330317, 0.016709900370257075, 0.15109642001070514, -0.0814891969514693, -0.007478455731995425, -0.009791336443435246, -0.024021503664578482, -0.011185871692656247, 0.26623734461478316, -0.1083414779923985, 0.14567665716327954, -0.023161716468354812, 0.009228745956709859, 0.21525051952273463, -0.005927152762378028]"
"[1.0, 1.0, 1.0, 1.0, 1.0, 1.0, 1.0, 1.0, 1.0, 1.0, 1.0, 1.0, 1.0, 1.0, 1.0, 1.0, 1.0, 1.0, 1.0, 1.0, 1.0, 1.0, 1.0, 1.0, 1.0, 1.0, 1.0, 1.0, 1.0, 1.0]",1.271944782235862,0.0001,0.5,10000,1.7179874943884764e-08,0.8298401514259781,"[-0.17994174814943442, 0.18470422198926834, 0.13209660048896188, -0.10906068143316922, 0.1580315984995538, -0.07802466623742506, 0.007958481903923667, -0.06716451791283506, -0.13912034316829625, 0.15304397212093848, 0.08847134744526902, 0.01865097425536618, 0.0973845704620747, 0.12425245136128724, 0.00991714180055734, -0.06640257125398477, 0.01503819969964041, 0.14961019047508903, -0.08311678157465766, -0.00729757076287651, -0.010417032064422545, -0.025048334085521425, -0.012134089041898695, 0.26588132880737236, -0.11047878958850985, 0.1438953314517115, -0.02455336011842045, 0.009572515575998874, 0.2147335916076139, -0.005824212281893655]"
"[1.0, 1.0, 1.0, 1.0, 1.0, 1.0, 1.0, 1.0, 1.0, 1.0, 1.0, 1.0, 1.0, 1.0, 1.0, 1.0, 1.0, 1.0, 1.0, 1.0, 1.0, 1.0, 1.0, 1.0, 1.0, 1.0, 1.0, 1.0, 1.0, 1.0]",1.9941639457664933,0.0001,0.5,10000,1.3855086485899056e-08,1.5347196923185233,"[-0.19293333196331047, 0.18028313293485765, 0.11368883152664414, -0.1423782422374071, 0.14627751516376108, -0.0881090854673672, 0.0005183504010931445, -0.08100525688025216, -0.13999714436763586, 0.13877252028670262, 0.0805564784812043, 0.0036692255234524393, 0.08369162414981747, 0.12231153088661573, -0.014591938976016617, -0.08137600777758473, 0.001481580771312707, 0.13755764553776217, -0.09631564241021591, -0.005830688180776817, -0.015491096607159725, -0.03337539225174711, -0.019823636274156328, 0.2629942266374799, -0.12781126982787228, 0.12944971072341455, -0.035838862947712984, 0.012360307559187085, 0.2105415763252914, -0.004989418774444688]"
"[1.0, 1.0, 1.0, 1.0, 1.0, 1.0, 1.0, 1.0, 1.0, 1.0, 1.0, 1.0, 1.0, 1.0, 1.0, 1.0, 1.0, 1.0, 1.0, 1.0, 1.0, 1.0, 1.0, 1.0, 1.0, 1.0, 1.0, 1.0, 1.0, 1.0]",1.8739101071381021,0.0001,0.5,10000,1.4375043999789311e-08,1.4173530052472834,"[-0.19077015504642542, 0.18101927087823763, 0.11675383587723717, -0.13683066778527242, 0.1482346408010502, -0.08642996895540662, 0.001757177087360591, -0.07870069051822327, -0.1398511516894305, 0.14114880293403248, 0.08187435181277938, 0.006163776880372234, 0.08597158214502149, 0.12263470583037125, -0.010511029477259778, -0.07888284045339067, 0.0037388394363755536, 0.13956446682850404, -0.094117952621373, -0.0060749329616162796, -0.014646234313933703, -0.0319888869365524, -0.01854328036740826, 0.26347494652968845, -0.12492530752309865, 0.13185499354013674, -0.033959758785702815, 0.011896123410933417, 0.2112395721065493, -0.005128416919055607]"
"[1.0, 1.0, 1.0, 1.0, 1.0, 1.0, 1.0, 1.0, 1.0, 1.0, 1.0, 1.0, 1.0, 1.0, 1.0, 1.0, 1.0, 1.0, 1.0, 1.0, 1.0, 1.0, 1.0, 1.0, 1.0, 1.0, 1.0, 1.0, 1.0, 1.0]",2.0504508785148925,0.0001,0.5,10000,1.3616328991761203e-08,1.5896552427960118,"[-0.19394584511908375, 0.1799385705709023, 0.11225420211503281, -0.1449748824250748, 0.14536144794808895, -0.08889502560253043, -6.150430601838282e-05, -0.08208394986264113, -0.1400654788187727, 0.13766025923053016, 0.07993962459586186, 0.0025016067092344793, 0.08262444954808285, 0.12216026314720267, -0.01650208073222861, -0.0825429787708444, 0.00042503099190116495, 0.1366183173939085, -0.09734430992517802, -0.00571636509795445, -0.015886549323039206, -0.034024370549003605, -0.02042292946628435, 0.2627692172028412, -0.1291620954482093, 0.1283238756258414, -0.03671841083409069, 0.01257757714686598, 0.21021486707387307, -0.004924358238273882]"
"[1.0, 1.0, 1.0, 1.0, 1.0, 1.0, 1.0, 1.0, 1.0, 1.0, 1.0, 1.0, 1.0, 1.0, 1.0, 1.0, 1.0, 1.0, 1.0, 1.0, 1.0, 1.0, 1.0, 1.0, 1.0, 1.0, 1.0, 1.0, 1.0, 1.0]",2.6741764457430777,0.0001,0.5,10000,1.11677174739554e-08,2.1984059014208324,"[-0.20516568445966585, 0.17612041339995782, 0.09635681705909097, -0.17374871668570646, 0.1352103433166013, -0.09760416878507025, -0.006486978007337807, -0.09403713969646776, -0.14082270509165434, 0.12533509556834807, 0.0731041563842266, -0.010436986169140136, 0.07079889695005136, 0.12048403827650155, -0.03766870311161606, -0.09547439302933822, -0.011282786049993778, 0.12620945425764454, -0.10874315860869793, -0.00444953057350773, -0.020268631584052312, -0.04121581511367121, -0.027063804496131647, 0.2602758474205179, -0.14413083570694046, 0.11584829558352723, -0.04646483824712716, 0.014985180300911278, 0.20659454343552797, -0.004203410802587163]"
"[1.0, 1.0, 1.0, 1.0, 1.0, 1.0, 1.0, 1.0, 1.0, 1.0, 1.0, 1.0, 1.0, 1.0, 1.0, 1.0, 1.0, 1.0, 1.0, 1.0, 1.0, 1.0, 1.0, 1.0, 1.0, 1.0, 1.0, 1.0, 1.0, 1.0]",2.4583687843227215,0.0001,0.5,10000,1.1974022293707479e-08,1.9877795251288737,"[-0.20128364495892298, 0.17744148730375564, 0.10185727699192292, -0.16379303391727512, 0.13872260298087988, -0.09459082458058089, -0.004263778372982766, -0.08990136255329942, -0.1405607064824857, 0.12959957483024362, 0.0754692132088511, -0.005960261760422015, 0.07489051189302334, 0.12106400836008795, -0.030345098764013506, -0.09100015240716038, -0.007231907348039452, 0.12981089779228183, -0.10479918227274841, -0.004887852506248791, -0.0187524408511579, -0.0387275912612617, -0.024766076480355094, 0.2611385478292393, -0.1389516848120985, 0.1201648185789829, -0.04309259600193985, 0.014152154955146283, 0.2078471673762906, -0.0044528570146345455]"
"[1.0, 1.0, 1.0, 1.0, 1.0, 1.0, 1.0, 1.0, 1.0, 1.0, 1.0, 1.0, 1.0, 1.0, 1.0, 1.0, 1.0, 1.0, 1.0, 1.0, 1.0, 1.0, 1.0, 1.0, 1.0, 1.0, 1.0, 1.0, 1.0, 1.0]",1.714399861661401,0.0001,0.5,10000,1.5085477488479423e-08,1.2616724109390305,"[-0.1879008172776077, 0.1819957182448453, 0.12081939920500012, -0.12947210881739815, 0.15083066263613945, -0.08420271126399598, 0.003400414019199243, -0.07564380725929902, -0.13965750025839277, 0.14430081398599454, 0.08362243986572199, 0.009472665010971236, 0.08899582372965324, 0.12306338000158966, -0.005097922641424309, -0.07557578816772009, 0.006732971581139165, 0.14222640727352512, -0.09120283538521423, -0.006398910519359808, -0.013525569948258548, -0.030149762250771584, -0.016844957159496396, 0.26411259559674255, -0.12109723383396499, 0.13504547175615228, -0.03146722823884201, 0.011280408118358896, 0.21216542594772456, -0.005312790477691391]"
"[1.0, 1.0, 1.0, 1.0, 1.0, 1.0, 1.0, 1.0, 1.0, 1.0, 1.0, 1.0, 1.0, 1.0, 1.0, 1.0, 1.0, 1.0, 1.0, 1.0, 1.0, 1.0, 1.0, 1.0, 1.0, 1.0, 1.0, 1.0, 1.0, 1.0]",2.6528360353508975,0.0001,0.5,10000,1.124552137932966e-08,2.1775778488859694,"[-0.20478180413049057, 0.17625104944447936, 0.09690073691596728, -0.17276423654902098, 0.13555765750436607, -0.09730619047626739, -0.006267134132154837, -0.0936281682033104, -0.1407967970316486, 0.12575679393141245, 0.07333802798501322, -0.009994299679393215, 0.07120350140883211, 0.12054138934326851, -0.03694449934007667, -0.09503195215192858, -0.01088220984533233, 0.1265655875039234, -0.10835315357814376, -0.004492874585796754, -0.020118701167959746, -0.04096976398736475, -0.026836590788779802, 0.2603611566289422, -0.14361868889597076, 0.11627514035624753, -0.04613136985689308, 0.01490280554818578, 0.20671841071988212, -0.00422807760311146]"
"[1.0, 1.0, 1.0, 1.0, 1.0, 1.0, 1.0, 1.0, 1.0, 1.0, 1.0, 1.0, 1.0, 1.0, 1.0, 1.0, 1.0, 1.0, 1.0, 1.0, 1.0, 1.0, 1.0, 1.0, 1.0, 1.0, 1.0, 1.0, 1.0, 1.0]",2.555559771130884,0.0001,0.5,10000,1.1605538016653137e-08,2.082637072006072,"[-0.20303195754162837, 0.17684652938839893, 0.09938009372024391, -0.16827666821572496, 0.13714082418558093, -0.09594791215986025, -0.0052650169986755285, -0.0917639482424155, -0.14067869999207638, 0.12767902694534167, 0.07440408787859323, -0.007976396220560525, 0.07304781506136686, 0.12080281344063101, -0.033643352073702316, -0.09301516827093713, -0.00905625823480547, 0.12818895421177356, -0.10657538868505156, -0.0046904501485087804, -0.019435271444610342, -0.03984818600763747, -0.0258008796555548, 0.2607500226791521, -0.141284163571124, 0.1182208323147914, -0.04461131665072828, 0.014527315664725664, 0.20728303653820582, -0.004340516593794798]"
"[1.0, 1.0, 1.0, 1.0, 1.0, 1.0, 1.0, 1.0, 1.0, 1.0, 1.0, 1.0, 1.0, 1.0, 1.0, 1.0, 1.0, 1.0, 1.0, 1.0, 1.0, 1.0, 1.0, 1.0, 1.0, 1.0, 1.0, 1.0, 1.0, 1.0]",1.785957425370341,0.0001,0.4,10000,1.4763846639186166e-08,1.3315119627005272,"[-0.1891880250026107, 0.18155767619660182, 0.118995555188149, -0.13277321684701746, 0.1496660666109808, -0.08520187676382363, 0.0026632448731827717, -0.07701514938154021, -0.139744373829256, 0.1428867967798408, 0.08283823367355204, 0.0079882715006768, 0.08763912492189527, 0.12287107336181417, -0.0075262853845888085, -0.07705935810339073, 0.005389780107377222, 0.14103223963611305, -0.09251058014306406, -0.006253571612386967, -0.014028308888340104, -0.03097480819987763, -0.01760683844671595, 0.26382654115802145, -0.12281453811165631, 0.1336141978745133, -0.03258539724968171, 0.01155662289154335, 0.21175008055704506, -0.0052300790341170455]"
"[1.0, 1.0, 1.0, 1.0, 1.0, 1.0, 1.0, 1.0, 1.0, 1.0, 1.0, 1.0, 1.0, 1.0, 1.0, 1.0, 1.0, 1.0, 1.0, 1.0, 1.0, 1.0, 1.0, 1.0, 1.0, 1.0, 1.0, 1.0, 1.0, 1.0]",2.3380452478597453,0.0001,0.4,10000,1.2442372443618658e-08,1.8703448135851186,"[-0.19911921428790788, 0.17817805190478866, 0.10492405778615152, -0.15824224415051172, 0.1406808629471883, -0.09291073487070661, -0.0030242336760601934, -0.08759546048933549, -0.14041462918849118, 0.13197723474549797, 0.07678785036567018, -0.003464264588301651, 0.07717179132741837, 0.12138737061257296, -0.026261824013897567, -0.08850554006993616, -0.004973340400074881, 0.13181888221511104, -0.10260021872648524, -0.005132238848742482, -0.01790708888481154, -0.03734028234246316, -0.023484978493061085, 0.2616195463415379, -0.13606404983453826, 0.12257149547181778, -0.041212402731319285, 0.01368770177074101, 0.20854556770841454, -0.004591935721078163]"
"[1.0, 1.0, 1.0, 1.0, 1.0, 1.0, 1.0, 1.0, 1.0, 1.0, 1.0, 1.0, 1.0, 1.0, 1.0, 1.0, 1.0, 1.0, 1.0, 1.0, 1.0, 1.0, 1.0, 1.0, 1.0, 1.0, 1.0, 1.0, 1.0, 1.0]",1.3363669476441355,0.0001,0.4,10000,1.6863609907324854e-08,0.8927156173085146,"[-0.1811006013115153, 0.1843098595232329, 0.13045462199161742, -0.11203261782244778, 0.15698313075026343, -0.07892419944906354, 0.0072948199484704195, -0.06839911596860125, -0.13919855409753526, 0.1517709543486235, 0.08776533876627665, 0.01731459778732318, 0.096163155555356, 0.12407932067440107, 0.007730924464431237, -0.0677382062705602, 0.013828945236343908, 0.14853509986167052, -0.08429412390907078, -0.007166724397796804, -0.010869640139326507, -0.025791110164636408, -0.012819998955018569, 0.2656237984302614, -0.11202485201014106, 0.14260677776194963, -0.025560030346374354, 0.009821187454749448, 0.2143596625905676, -0.005749748451335718]"
"[1.0, 1.0, 1.0, 1.0, 1.0, 1.0, 1.0, 1.0, 1.0, 1.0, 1.0, 1.0, 1.0, 1.0, 1.0, 1.0, 1.0, 1.0, 1.0, 1.0, 1.0, 1.0, 1.0, 1.0, 1.0, 1.0, 1.0, 1.0, 1.0, 1.0]",2.8920418170892583,0.0001,0.4,10000,1.0397631556118042e-08,2.4110405844721097,"[-0.20908473891697044, 0.1747867431552007, 0.09080391065181007, -0.18379932614541525, 0.13166459451887128, -0.10064624500138337, -0.008731375684082953, -0.09821235116565703, -0.14108720183798418, 0.12102995481534483, 0.07071654891950278, -0.014956395810581247, 0.0666682687643356, 0.11989853822150388, -0.045062137479431524, -0.09999129520152006, -0.015372289577677768, 0.12257367122801593, -0.11272474046430637, -0.004007029273891275, -0.02179927908229045, -0.043727763994586256, -0.02938344117684658, 0.25940492122786396, -0.14935936941856226, 0.11149061486385274, -0.049869234570139954, 0.015826148481101948, 0.2053299758190892, -0.003951586139546394]"
"[1.0, 1.0, 1.0, 1.0, 1.0, 1.0, 1.0, 1.0, 1.0, 1.0, 1.0, 1.0, 1.0, 1.0, 1.0, 1.0, 1.0, 1.0, 1.0, 1.0, 1.0, 1.0, 1.0, 1.0, 1.0, 1.0, 1.0, 1.0, 1.0, 1.0]",1.2298240736010413,0.0001,0.4,10000,1.73887418379186e-08,0.7887307108796466,"[-0.17918406302535791, 0.18496206533283024, 0.13317016418296332, -0.10711756036698455, 0.15871711107586908, -0.07743653052241667, 0.008392399511016196, -0.06635730901728794, -0.139069207045478, 0.15387630071987482, 0.0889329523241656, 0.019524728241749858, 0.09818315990845798, 0.12436564822717625, 0.011346541493097927, -0.06552930204579976, 0.015828838365557173, 0.15031310969857156, -0.08234700780010332, -0.007383121156665461, -0.010121106388407526, -0.024562689826111348, -0.011685625203136938, 0.26604970815180856, -0.10946793805348355, 0.14473781779445888, -0.02389517573274673, 0.009409928123619068, 0.21497807508744424, -0.0058728984645273815]"
"[1.0, 1.0, 1.0, 1.0, 1.0, 1.0, 1.0, 1.0, 1.0, 1.0, 1.0, 1.0, 1.0, 1.0, 1.0, 1.0, 1.0, 1.0, 1.0, 1.0, 1.0, 1.0, 1.0, 1.0, 1.0, 1.0, 1.0, 1.0, 1.0, 1.0]",1.8995395910011932,0.0001,0.4,10000,1.426309938794735e-08,1.4423671557032358,"[-0.19123118904348316, 0.18086237912529235, 0.11610059702482513, -0.13801301232846333, 0.14781752214179442, -0.08678783603090647, 0.0014931481887657046, -0.07919185859286137, -0.13988226684577704, 0.14064235009677903, 0.08159347584515667, 0.005632117646230024, 0.08548565880724654, 0.1225658281371486, -0.011380786362679066, -0.07941420471113303, 0.0032577539659164995, 0.13913675662420746, -0.09458634228461993, -0.006022877511739595, -0.014826298291581302, -0.03228439031513241, -0.018816160313905084, 0.26337249156558157, -0.12554038746701837, 0.13134235994905555, -0.03436024886856962, 0.011995054141734985, 0.2110908095238632, -0.005098792495045932]"
"[1.0, 1.0, 1.0, 1.0, 1.0, 1.0, 1.0, 1.0, 1.0, 1.0, 1.0, 1.0, 1.0, 1.0, 1.0, 1.0, 1.0, 1.0, 1.0, 1.0, 1.0, 1.0, 1.0, 1.0, 1.0, 1.0, 1.0, 1.0, 1.0, 1.0]",2.534483835313066,0.0001,0.4,10000,1.1684698611665257e-08,2.0620671443258183,"[-0.2026528346929719, 0.1769755464428626, 0.0999172727052237, -0.16730438887369997, 0.13748383406193299, -0.0956536267362904, -0.005047897678187129, -0.0913600451879438, -0.1406531130141406, 0.1280954991439112, 0.07463506107719607, -0.007539196003982753, 0.07344740520270733, 0.12085945374791977, -0.0329281234568445, -0.09257821062279065, -0.008660646424890317, 0.12854067385086224, -0.10619021703926165, -0.004733256992627337, -0.01928719913631661, -0.03960518422601142, -0.025576481838217924, 0.2608342746390876, -0.1407783638644225, 0.1186423871428707, -0.044281980979076416, 0.01444596179338292, 0.20740536871865498, -0.004364877695344617]"
"[1.0, 1.0, 1.0, 1.0, 1.0, 1.0, 1.0, 1.0, 1.0, 1.0, 1.0, 1.0, 1.0, 1.0, 1.0, 1.0, 1.0, 1.0, 1.0, 1.0, 1.0, 1.0, 1.0, 1.0, 1.0, 1.0, 1.0, 1.0, 1.0, 1.0]",2.521908815265761,0.0001,0.4,10000,1.1732126664763025e-08,2.0497940355449185,"[-0.20242662991309907, 0.1770525248537065, 0.1002377821508553, -0.1667242755006447, 0.1376884919290313, -0.09547804045945715, -0.004918352787207877, -0.09111905522426873, -0.1406378464673419, 0.128343988524951, 0.07477287192592562, -0.007278339189098253, 0.07368582185388155, 0.12089324835641342, -0.03250138016662326, -0.0923174985370837, -0.008424603457040998, 0.12875052842390827, -0.10596040322651565, -0.00475879782400993, -0.019198851351367074, -0.039460196487298545, -0.02544259421035759, 0.260884543822597, -0.14047657695888915, 0.11889390908998418, -0.04408548186704936, 0.01439742176308942, 0.2074783585794571, -0.004379412819337215]"
"[1.0, 1.0, 1.0, 1.0, 1.0, 1.0, 1.0, 1.0, 1.0, 1.0, 1.0, 1.0, 1.0, 1.0, 1.0, 1.0, 1.0, 1.0, 1.0, 1.0, 1.0, 1.0, 1.0, 1.0, 1.0, 1.0, 1.0, 1.0, 1.0, 1.0]",1.420963555663444,0.0001,0.4,10000,1.6454161693372397e-08,0.9752811614436311,"[-0.18262236088111686, 0.18379199852391262, 0.12829844157707018, -0.11593524568645526, 0.15560632488468193, -0.08010543044344398, 0.0064233256429465785, -0.07002034069960945, -0.1393012575580869, 0.15009927838424522, 0.08683823643904948, 0.015559721720725764, 0.09455924240779415, 0.12385197238888929, 0.0048600713992297375, -0.06949210869277904, 0.012241000696157078, 0.14712333391694882, -0.08584016271943516, -0.006994902190530515, -0.011463986939940867, -0.026766493969461375, -0.013720708387697489, 0.2652856198510853, -0.11405507927473352, 0.14091470065287282, -0.026881949380595786, 0.0101477334085955, 0.21386863397826, -0.005651965530731055]"
"[1.0, 1.0, 1.0, 1.0, 1.0, 1.0, 1.0, 1.0, 1.0, 1.0, 1.0, 1.0, 1.0, 1.0, 1.0, 1.0, 1.0, 1.0, 1.0, 1.0, 1.0, 1.0, 1.0, 1.0, 1.0, 1.0, 1.0, 1.0, 1.0, 1.0]",1.1329401807334982,0.0001,0.4,10000,1.7875425153416863e-08,0.6941728849829939,"[-0.1774412745783587, 0.1855551433622349, 0.13563952030937493, -0.10264809298843322, 0.16029389193155005, -0.07608373092689079, 0.00939047452735446, -0.06450060853211696, -0.13895158635947016, 0.15579078025793208, 0.08999471218252532, 0.021534492330555773, 0.1000200343789054, 0.12462601785017655, 0.014634373326071462, -0.06352065301893114, 0.017647424858716815, 0.15192992843096526, -0.08057641365951816, -0.007579899783029847, -0.009440433331826365, -0.02344563581810817, -0.010654091691055138, 0.2664370056806637, -0.10714282921750296, 0.14667566165366086, -0.022381253779022284, 0.00903595280771091, 0.21554042344376048, -0.005984883923825836]"
"[1.0, 1.0, 1.0, 1.0, 1.0, 1.0, 1.0, 1.0, 1.0, 1.0, 1.0, 1.0, 1.0, 1.0, 1.0, 1.0, 1.0, 1.0, 1.0, 1.0, 1.0, 1.0, 1.0, 1.0, 1.0, 1.0, 1.0, 1.0, 1.0, 1.0]",2.9199539265854053,0.0001,0.3,10000,1.0302158976572097e-08,2.4382825574361124,"[-0.20958683374947096, 0.17461587823218272, 0.0900924927210748, -0.18508697323686885, 0.1312103262334771, -0.10103598460947553, -0.009018919653641351, -0.09874726389170316, -0.1411210881876101, 0.12047839602767815, 0.07041065743901047, -0.015535405939591058, 0.0661390678844752, 0.11982352610946362, -0.04600935707817711, -0.1005699840827973, -0.015896221717715625, 0.12210786808821361, -0.11323484607693712, -0.003950337636065876, -0.021995380006025623, -0.04404958563966719, -0.0296806244906664, 0.2592933413696119, -0.1500292299134227, 0.11093232484903687, -0.05030539329673748, 0.01593389022905952, 0.20516796407046958, -0.003919323290589464]"
"[1.0, 1.0, 1.0, 1.0, 1.0, 1.0, 1.0, 1.0, 1.0, 1.0, 1.0, 1.0, 1.0, 1.0, 1.0, 1.0, 1.0, 1.0, 1.0, 1.0, 1.0, 1.0, 1.0, 1.0, 1.0, 1.0, 1.0, 1.0, 1.0, 1.0]",2.460814631990001,0.0001,0.3,10000,1.1964641560116324e-08,1.9901666509043525,"[-0.20132764190136185, 0.17742651496447606, 0.10179493774498832, -0.16390586625749465, 0.13868279692371618, -0.0946249761989469, -0.004288974918850542, -0.08994823522135736, -0.14056367583344861, 0.12955124352177122, 0.07544240893008114, -0.0060109985409420325, 0.07484413973553011, 0.12105743529189031, -0.030428100546674726, -0.0910508610377835, -0.00727781782294429, 0.1297700809732215, -0.1048438811738792, -0.004882884801814072, -0.01876962453936751, -0.03875579144871094, -0.02479211769071132, 0.2611287704479929, -0.13901038251565198, 0.12011589743489677, -0.04313081517717491, 0.014161596015233108, 0.20783297081198346, -0.004450029925773291]"
"[1.0, 1.0, 1.0, 1.0, 1.0, 1.0, 1.0, 1.0, 1.0, 1.0, 1.0, 1.0, 1.0, 1.0, 1.0, 1.0, 1.0, 1.0, 1.0, 1.0, 1.0, 1.0, 1.0, 1.0, 1.0, 1.0, 1.0, 1.0, 1.0, 1.0]",1.2994310520710277,0.0001,0.3,10000,1.7044465963095287e-08,0.8566665086324844,"[-0.18043618279798032, 0.1845359638581475, 0.1313960362692476, -0.11032868360308924, 0.15758426073486012, -0.07840845980325886, 0.007675324834127398, -0.06769126977042501, -0.1391537125325747, 0.1525008281615109, 0.08817012278239482, 0.018080797764569972, 0.09686344330818283, 0.12417858366766875, 0.008984373408835906, -0.06697243139814824, 0.014522260903313699, 0.14915149383689952, -0.08361910478728068, -0.007241744038103916, -0.010610141184513831, -0.0253652458752489, -0.012426738393797286, 0.2657714512614819, -0.11113843039123178, 0.14334555895975212, -0.02498286461186928, 0.009678613567527665, 0.21457405158289466, -0.005792441649430272]"
"[1.0, 1.0, 1.0, 1.0, 1.0, 1.0, 1.0, 1.0, 1.0, 1.0, 1.0, 1.0, 1.0, 1.0, 1.0, 1.0, 1.0, 1.0, 1.0, 1.0, 1.0, 1.0, 1.0, 1.0, 1.0, 1.0, 1.0, 1.0, 1.0, 1.0]",2.987814546175539,0.0001,0.3,10000,1.0073063896972498e-08,2.50451392430753,"[-0.21080753927984827, 0.17420046715249293, 0.08836287563233977, -0.18821753309124162, 0.13010589780211138, -0.10198352930464145, -0.009718003753190508, -0.10004775710670205, -0.141203473529414, 0.11913743249081113, 0.06966696641141304, -0.016943109864977105, 0.06485246145295752, 0.11964115478419585, -0.04831226108719291, -0.1019769069826513, -0.017170018657036643, 0.12097539582994961, -0.1144750276165763, -0.003812507506495626, -0.022472145482625796, -0.04483200648233866, -0.03040314400537688, 0.25902206562402097, -0.15165781152336855, 0.10957499618415631, -0.05136579331525593, 0.016195834664793816, 0.20477407705008305, -0.00384088504427106]"
"[1.0, 1.0, 1.0, 1.0, 1.0, 1.0, 1.0, 1.0, 1.0, 1.0, 1.0, 1.0, 1.0, 1.0, 1.0, 1.0, 1.0, 1.0, 1.0, 1.0, 1.0, 1.0, 1.0, 1.0, 1.0, 1.0, 1.0, 1.0, 1.0, 1.0]",2.4094517754835665,0.0001,0.3,10000,1.2162804772214196e-08,1.9400369554581594,"[-0.20040370511192288, 0.1777409344290526, 0.10310406334502502, -0.16153638455284539, 0.1395187250272985, -0.09390779143840076, -0.0037598468839462958, -0.08896390812866235, -0.1405013193958733, 0.13056620209628036, 0.07600529939241797, -0.004945524998851054, 0.07581795609502506, 0.12119546987317292, -0.02868506122758695, -0.08998597864417592, -0.006313696808314681, 0.13062723509957688, -0.10390520323596392, -0.004987206707656878, -0.018408766697076535, -0.03816358687244147, -0.02424525168239421, 0.26133409567606336, -0.13777772940924152, 0.12114324257066814, -0.04232821163008769, 0.013963333539197252, 0.20813109898455417, -0.004509398856010605]"
"[1.0, 1.0, 1.0, 1.0, 1.0, 1.0, 1.0, 1.0, 1.0, 1.0, 1.0, 1.0, 1.0, 1.0, 1.0, 1.0, 1.0, 1.0, 1.0, 1.0, 1.0, 1.0, 1.0, 1.0, 1.0, 1.0, 1.0, 1.0, 1.0, 1.0]",1.907175066050328,0.0001,0.2,10000,1.4229867148313318e-08,1.449819312083068,"[-0.19136853919848917, 0.18081563830634184, 0.11590598565514737, -0.13836525361070254, 0.14769325514007564, -0.08689445094131534, 0.001414489325471969, -0.07933818622079522, -0.13989153659936224, 0.14049146886861757, 0.08150979794301219, 0.005473726988086702, 0.08534089367888084, 0.12254530825813448, -0.011639902271252054, -0.07957250749060621, 0.0031144301235078694, 0.13900933421450853, -0.09472588382225218, -0.006007369275567877, -0.014879942524758882, -0.03237242598085776, -0.01889745606039889, 0.2633419684256608, -0.1257236306251771, 0.13118963736537187, -0.034479561924247115, 0.01202452735042929, 0.21104649052803753, -0.005089966856903237]"
"[1.0, 1.0, 1.0, 1.0, 1.0, 1.0, 1.0, 1.0, 1.0, 1.0, 1.0, 1.0, 1.0, 1.0, 1.0, 1.0, 1.0, 1.0, 1.0, 1.0, 1.0, 1.0, 1.0, 1.0, 1.0, 1.0, 1.0, 1.0, 1.0, 1.0]",1.8040741459585412,0.0001,0.2,10000,1.4683172115776303e-08,1.3491937223872408,"[-0.1895139162359634, 0.18144677407832638, 0.11853380005372176, -0.13360898107240798, 0.1493712178250194, -0.08545484236583002, 0.002476610690122157, -0.07736234149893224, -0.13976636820872132, 0.14252880031792736, 0.08263969079799081, 0.007612457385785858, 0.08729564015315, 0.1228223857671066, -0.008141090682930688, -0.07743496370822826, 0.005049715083286505, 0.14072990400167898, -0.09284167087828056, -0.006216775161645472, -0.014155590763717325, -0.031183690757606516, -0.017799729172538904, 0.263754118788245, -0.12324931984752466, 0.13325183242137623, -0.03286849178909535, 0.011626554085518834, 0.21164492470767618, -0.005209138409044773]"
"[1.0, 1.0, 1.0, 1.0, 1.0, 1.0, 1.0, 1.0, 1.0, 1.0, 1.0, 1.0, 1.0, 1.0, 1.0, 1.0, 1.0, 1.0, 1.0, 1.0, 1.0, 1.0, 1.0, 1.0, 1.0, 1.0, 1.0, 1.0, 1.0, 1.0]",2.2502797251626037,0.0001,0.2,10000,1.2792480052119107e-08,1.784686436642401,"[-0.19754045094062356, 0.17871531152256762, 0.10716100682634118, -0.15419342727242857, 0.14210924275193976, -0.09168525600015631, -0.0021200939588457736, -0.0859135061030078, -0.14030807854646055, 0.13371153022411203, 0.07774968113226828, -0.0016436524046726882, 0.078835785653579, 0.12162323516529362, -0.023283431312897177, -0.08668593800254974, -0.003325912851303877, 0.13328353167287948, -0.10099626665939078, -0.005310497365068912, -0.017290478374761185, -0.03632836151649702, -0.022550529275673702, 0.26197039279344225, -0.1339577720387395, 0.12432695630410276, -0.03984096577045137, 0.013348923692104322, 0.20905498982151505, -0.004693381504054721]"
"[1.0, 1.0, 1.0, 1.0, 1.0, 1.0, 1.0, 1.0, 1.0, 1.0, 1.0, 1.0, 1.0, 1.0, 1.0, 1.0, 1.0, 1.0, 1.0, 1.0, 1.0, 1.0, 1.0, 1.0, 1.0, 1.0, 1.0, 1.0, 1.0, 1.0]",1.4954028421927288,0.0001,0.2,10000,1.609937647812511e-08,1.047933249289964,"[-0.18396140625518645, 0.1833363159118863, 0.12640114881976935, -0.11936929393718211, 0.15439482895449283, -0.08114483373048681, 0.0056564696680269705, -0.07144690868035375, -0.1393916296487246, 0.14862831673448174, 0.08602244917057228, 0.014015549614973402, 0.0931479074482155, 0.12365192129271148, 0.002333915103988498, -0.07103542405741081, 0.010843717029741226, 0.145881075484466, -0.08720057218128821, -0.006843710283215373, -0.011986971877806753, -0.027624765668804726, -0.014513271696187446, 0.26498804560144534, -0.11584154178909574, 0.13942578737725417, -0.028045148615894393, 0.010435071735657013, 0.21343656204982966, -0.005565923182048122]"
"[1.0, 1.0, 1.0, 1.0, 1.0, 1.0, 1.0, 1.0, 1.0, 1.0, 1.0, 1.0, 1.0, 1.0, 1.0, 1.0, 1.0, 1.0, 1.0, 1.0, 1.0, 1.0, 1.0, 1.0, 1.0, 1.0, 1.0, 1.0, 1.0, 1.0]",2.7166534387139603,0.0001,0.2,10000,1.1014112513182769e-08,2.239863072340305,"[-0.2059297785770873, 0.17586038904977255, 0.09527417246544785, -0.17570827393307883, 0.13451903222926742, -0.09819727933429938, -0.006924565971638419, -0.09485117648961575, -0.1408742737570434, 0.12449572659303074, 0.07263864695117783, -0.011318130934762662, 0.06999355251497283, 0.1203698839179324, -0.03911019359599997, -0.0963550489161938, -0.012080112451736421, 0.12550058928640645, -0.10951944363026288, -0.004363256538872688, -0.02056706039181498, -0.04170556726794235, -0.027516061733584545, 0.260106043814119, -0.14515023768139812, 0.11499868294359576, -0.04712858998421692, 0.015149143023660704, 0.20634799195548859, -0.004154312800569259]"
"[1.0, 1.0, 1.0, 1.0, 1.0, 1.0, 1.0, 1.0, 1.0, 1.0, 1.0, 1.0, 1.0, 1.0, 1.0, 1.0, 1.0, 1.0, 1.0, 1.0, 1.0, 1.0, 1.0, 1.0, 1.0, 1.0, 1.0, 1.0, 1.0, 1.0]",2.7019453333451824,0.0001,0.2,10000,1.1067110044912108e-08,2.225508091078034,"[-0.20566520295615315, 0.17595042521461093, 0.09564904953763514, -0.17502975663572143, 0.13475840596087982, -0.09799190857136979, -0.006773046538720083, -0.09456930769217314, -0.14085641756452058, 0.12478636692486213, 0.07279983448618384, -0.011013025296357717, 0.07027241149205267, 0.12040941106466646, -0.03861106236166577, -0.09605011255720056, -0.011804029802991256, 0.12574604123486122, -0.10925064678060802, -0.004393129830348002, -0.020463726279801402, -0.041535985435853524, -0.027359462910621652, 0.26016484009795265, -0.144797259030962, 0.11529287025198966, -0.046898758967353536, 0.015092369207199079, 0.2064333629974011, -0.004171313499925789]"
"[1.0, 1.0, 1.0, 1.0, 1.0, 1.0, 1.0, 1.0, 1.0, 1.0, 1.0, 1.0, 1.0, 1.0, 1.0, 1.0, 1.0, 1.0, 1.0, 1.0, 1.0, 1.0, 1.0, 1.0, 1.0, 1.0, 1.0, 1.0, 1.0, 1.0]",2.2464405241057595,0.0001,0.2,10000,1.2807958537267064e-08,1.7809394102340819,"[-0.19747138976802278, 0.17873881332178201, 0.10725885956914108, -0.15401631647128922, 0.14217172557078986, -0.09163164884747972, -0.00208054341495117, -0.08583993095801762, -0.14030341761213266, 0.13378739496951353, 0.07779175530424541, -0.0015640118350655561, 0.07890857515655533, 0.12163355278674891, -0.02315314497660034, -0.08660634161930673, -0.003253848042801031, 0.1333476010656592, -0.10092610363543877, -0.005318295077236828, -0.01726350546274431, -0.03628409621293486, -0.022509652877827403, 0.2619857401647949, -0.13386563535805782, 0.1244037469033658, -0.03978097385030125, 0.013334104237749502, 0.20907727390135575, -0.004697819132240705]"
"[1.0, 1.0, 1.0, 1.0, 1.0, 1.0, 1.0, 1.0, 1.0, 1.0, 1.0, 1.0, 1.0, 1.0, 1.0, 1.0, 1.0, 1.0, 1.0, 1.0, 1.0, 1.0, 1.0, 1.0, 1.0, 1.0, 1.0, 1.0, 1.0, 1.0]",1.3557450441005643,0.0001,0.1,10000,1.6769232469518863e-08,0.9116284687299702,"[-0.18144918270755045, 0.1841912358498869, 0.12996071717641478, -0.11292657209500073, 0.15666775313064377, -0.07919477776990133, 0.007095191368683383, -0.06877048132178223, -0.13922207983469653, 0.15138803239891327, 0.08755297235179825, 0.016912617631336255, 0.09579575567480637, 0.12402724320806932, 0.0070733133744331905, -0.06813996339899252, 0.01346520320001796, 0.14821171412208586, -0.08464826682205628, -0.0071273659958026045, -0.011005784009636602, -0.026014536161192175, -0.013026319689080272, 0.2655463336561963, -0.11248990540510378, 0.14221918263019323, -0.025862835330551687, 0.009895987605006375, 0.2142471852698459, -0.0057273498361710105]"
"[1.0, 1.0, 1.0, 1.0, 1.0, 1.0, 1.0, 1.0, 1.0, 1.0, 1.0, 1.0, 1.0, 1.0, 1.0, 1.0, 1.0, 1.0, 1.0, 1.0, 1.0, 1.0, 1.0, 1.0, 1.0, 1.0, 1.0, 1.0, 1.0, 1.0]",1.4643382958541886,0.0001,0.1,10000,1.6246807108397286e-08,1.0176145257405875,"[-0.18340260405527709, 0.18352647858373553, 0.127192915392569, -0.11793621799049774, 0.15490040300305014, -0.08071107632790775, 0.005976489298501479, -0.07085158208321513, -0.1393539161223301, 0.14924216942520224, 0.0863628885082604, 0.014659954044009377, 0.09373687709442152, 0.1237354053887727, 0.003388115150103521, -0.0703913771583218, 0.011426822876496476, 0.1463994871517391, -0.08663285445134311, -0.006906804762351175, -0.011768723012265878, -0.027266596989087382, -0.014182524038992058, 0.26511222746156093, -0.11509602621328913, 0.1400471315303351, -0.02755972944772807, 0.010315161467947516, 0.21361687165606222, -0.005601829847095343]"
"[1.0, 1.0, 1.0, 1.0, 1.0, 1.0, 1.0, 1.0, 1.0, 1.0, 1.0, 1.0, 1.0, 1.0, 1.0, 1.0, 1.0, 1.0, 1.0, 1.0, 1.0, 1.0, 1.0, 1.0, 1.0, 1.0, 1.0, 1.0, 1.0, 1.0]",1.8361708696189956,0.0001,0.1,10000,1.454099301541472e-08,1.3805198419093712,"[-0.19009128567815192, 0.18125029289806535, 0.11771572556411546, -0.1350896736324688, 0.14884884513849828, -0.0859030121647555, 0.002145957812294165, -0.07797744892937107, -0.13980533483716504, 0.14189455122999506, 0.08228793973020254, 0.006946641421214785, 0.08668710089515887, 0.1227361277567018, -0.00923031848604217, -0.07810041026325426, 0.004447234460387966, 0.14019426714268537, -0.09342825208556993, -0.00615158425110571, -0.014381091353686773, -0.03155376025778338, -0.018141466535726146, 0.26362581075488734, -0.1240196065647487, 0.13260984295331246, -0.03337003991184369, 0.011750448594866476, 0.21145862397945941, -0.005172038678277224]"
"[1.0, 1.0, 1.0, 1.0, 1.0, 1.0, 1.0, 1.0, 1.0, 1.0, 1.0, 1.0, 1.0, 1.0, 1.0, 1.0, 1.0, 1.0, 1.0, 1.0, 1.0, 1.0, 1.0, 1.0, 1.0, 1.0, 1.0, 1.0, 1.0, 1.0]",1.6781586824177692,0.0001,0.1,10000,1.5250186767982936e-08,1.226301339280139,"[-0.18724889561527464, 0.18221756985023546, 0.12174310670007366, -0.12780022339252986, 0.15142048614474707, -0.08369667201256756, 0.0037737621010641422, -0.07494927473079217, -0.1396135021051581, 0.1450169598183249, 0.08401961041906778, 0.010224453759586956, 0.08968293997737277, 0.12316077598659203, -0.003868049447283884, -0.07482441652826856, 0.00741324687889946, 0.14283120767688268, -0.09054051249832905, -0.006472519137452166, -0.013270951832493843, -0.0297319079167781, -0.016459093319794626, 0.26425747126955595, -0.12022748465696845, 0.13577035743703145, -0.03090091824383769, 0.01114051586119004, 0.21237578256093922, -0.005354680672057273]"
"[1.0, 1.0, 1.0, 1.0, 1.0, 1.0, 1.0, 1.0, 1.0, 1.0, 1.0, 1.0, 1.0, 1.0, 1.0, 1.0, 1.0, 1.0, 1.0, 1.0, 1.0, 1.0, 1.0, 1.0, 1.0, 1.0, 1.0, 1.0, 1.0, 1.0]",2.337854384800271,0.0001,0.1,10000,1.2443126052618745e-08,1.8701585329205554,"[-0.19911578096245827, 0.17817922027946767, 0.10492892246335724, -0.15823343921717534, 0.14068396923461476, -0.09290806983050175, -0.003022267449832211, -0.08759180275506499, -0.1404143974735661, 0.13198100630557194, 0.07678994205221336, -0.003460305315904446, 0.07717541000407277, 0.12138788354554111, -0.026255346924424536, -0.08850158299423061, -0.0049697577510733155, 0.13182206737789465, -0.10259673062330449, -0.005132626506273283, -0.01790574794631063, -0.0373380817254227, -0.023482946352977978, 0.2616203093248262, -0.1360594693271607, 0.12257531306003379, -0.041209420277090895, 0.013686965032457105, 0.20854667554506948, -0.004592156334502695]"
"[1.0, 1.0, 1.0, 1.0, 1.0, 1.0, 1.0, 1.0, 1.0, 1.0, 1.0, 1.0, 1.0, 1.0, 1.0, 1.0, 1.0, 1.0, 1.0, 1.0, 1.0, 1.0, 1.0, 1.0, 1.0, 1.0, 1.0, 1.0, 1.0, 1.0]",2.719376345348131,0.0001,0.1,10000,1.1004323154411402e-08,2.242520605226608,"[-0.20597875937341897, 0.1758437206846501, 0.09520477159828836, -0.17583388761370375, 0.13447471705028907, -0.09823529955504388, -0.006952616713644758, -0.09490335876593767, -0.1408775794679999, 0.12444192044547793, 0.07260880635666166, -0.011374615039691205, 0.06994192744568942, 0.12036256627045765, -0.03920259759469557, -0.09641150168248008, -0.01213122354028359, 0.1254551488491733, -0.1095692059012563, -0.004357726106399924, -0.020586190601456448, -0.041736961895873594, -0.027545052821373674, 0.2600951588777364, -0.14521558450105435, 0.11494422014545644, -0.047171138523601955, 0.015159653541338875, 0.20633218724301455, -0.004151165466776062]"
"[1.0, 1.0, 1.0, 1.0, 1.0, 1.0, 1.0, 1.0, 1.0, 1.0, 1.0, 1.0, 1.0, 1.0, 1.0, 1.0, 1.0, 1.0, 1.0, 1.0, 1.0, 1.0, 1.0, 1.0, 1.0, 1.0, 1.0, 1.0, 1.0, 1.0]",1.3612315788761324,0.0001,0,10000,1.6742574711931655e-08,0.9169832783348378,"[-0.18154787681590961, 0.18415764984155622, 0.1298208775409515, -0.1131796780290712, 0.15657846003204798, -0.07927138680991334, 0.007038670381306839, -0.06887562626877253, -0.13922874069405097, 0.15127961542420534, 0.08749284489186991, 0.016798804692595273, 0.09569173347501446, 0.12401249847652729, 0.006887123460362367, -0.06825371319177659, 0.013362216648365396, 0.1481201536785636, -0.08474853556682066, -0.007116222422349329, -0.011044330524285903, -0.026077794928771374, -0.013084735431044743, 0.2655244009974506, -0.11262157631662592, 0.14210944253399757, -0.025948568729579572, 0.009917165826847013, 0.2142153394828776, -0.005721008099700587]"
